"Mathematics";"English";"Science";"History";"Geography";"Physical Education";"Art";"Music";"Computer Science";"Foreign Language";"Economics";"Biology";"Chemistry";"Physics";"Literature"
"-2";"-4";"-4";"2";"5";"-4";"-1";"-3";"1";"N>1Z0pd*p.";"-5";"-4";"-4";"-4";"S@(zEx@rmv"
"5";"2";"0";"-4";"-4";"4";"-1";"-4";"-5";"G7L}Ku*`ei";"0";"-5";"2";"-3";"-SBjQ;isb{"
"2";"3";"4";"0";"-2";"5";"3";"5";"1";"A,!cpesEI.";"2";"1";"3";"-3";"9omhQAUn2|"
"-4";"-3";"-1";"-5";"0";"2";"2";"2";"-2";"?&Q(8E<%,-";"0";"-4";"-2";"-2";"3[Iw9YfG)A"
"4";"-2";"2";"-2";"-4";"-2";"3";"2";"4";"3$/VNl_y(r";"-4";"-1";"0";"-1";"lDZ66u_j]}"
"0";"5";"5";"-2";"5";"3";"2";"0";"5";"V`nP;g`qt{";"3";"1";"-5";"2";"+1TqoC<]R2"
"-5";"0";"-1";"-4";"4";"5";"5";"3";"-4";"nmT1rF?u?H";"-4";"4";"4";"3";"?@@?-7@Spw"
"0";"-2";"-4";"-4";"-1";"-2";"-3";"0";"2";"}otpX*?2hj";"-3";"-5";"0";"-4";"E""cStt[Ijf"
"-3";"-3";"2";"0";"5";"0";"3";"-3";"1";"WxN.\@=zA7";"3";"-1";"-3";"-3";"e@}|tMGf4j"
"4";"0";"-1";"5";"0";"2";"-5";"-1";"0";"s""@1b)$.#@";"5";"-5";"2";"-1";"IDIFuaSv^f"
"-1";"3";"-5";"-1";"5";"-3";"0";"-5";"-3";"e9EY`<wV\Q";"5";"5";"0";"-2";")qG9;\^TX>"
"-4";"-1";"-2";"-5";"-4";"0";"-4";"4";"-4";"IW""F/}.pD/";"-2";"-2";"1";"2";"|""igb#w\)x"
"5";"2";"-4";"0";"0";"1";"3";"2";"0";"pe_y_(@[2u";"-2";"-2";"2";"5";"RX&""62"";95"
"-2";"-5";"1";"-1";"4";"3";"4";"-4";"3";"$igvJV^KrW";"-1";"-3";"4";"-2";"%L:II3J;T#"
"0";"-5";"-4";"5";"-1";"-2";"-1";"-3";"4";"T.!bn-a_s.";"-3";"2";"2";"0";"lfR-ctjSWq"
"0";"-4";"0";"0";"3";"1";"3";"2";"3";"FQa*""&m-(J";"4";"-2";"3";"-5";"|T8ms.JF?v"
"1";"0";"-1";"2";"-4";"-5";"-5";"4";"4";"j*l=wWBU+B";"5";"4";"-2";"3";"7l0T=Rlg-P"
"-3";"4";"1";"0";"-1";"-5";"2";"4";"-3";"(;mA@On(z@";"-1";"-4";"-1";"2";"jT8/z^e""BA"
"-5";"3";"-2";"4";"-4";"-4";"-1";"-4";"0";":G!xy^M];f";"0";"-3";"3";"-3";"n?UNF:?Z|_"
"0";"3";"5";"5";"2";"0";"3";"2";"0";"|@?}Z1""Ous";"5";"2";"4";"-3";"LHv[bxa""b<"
"1";"-5";"2";"-2";"0";"1";"0";"1";"-3";"o#""/hM#J,d";"3";"5";"-3";"2";"'DI6|%l_Jw"
"5";"-5";"5";"-3";"0";"-5";"-3";"3";"1";"4-""M#dXxC:";"1";"5";"-4";"4";"h$Wt5VSN[1"
"1";"4";"-5";"5";"-3";"-2";"5";"-1";"4";"Z;n=|%B*w4";"0";"5";"-4";"4";"0P2rGSL{XY"
"-1";"-5";"-2";"5";"1";"-2";"3";"-4";"-3";"1CS63tf%j`";"5";"-3";"2";"2";"'kE>]F>^l]"
"-1";"2";"3";"2";"3";"-3";"3";"-4";"-1";"/RBlezCVPk";"3";"2";"-2";"4";"EAs&g!:Ycg"
"2";"3";"1";"1";"3";"-2";"-2";"2";"-4";"@K(C=wXB*Y";"-2";"-3";"4";"3";"lW>}-UH>{4"
"0";"4";"0";"5";"-1";"-2";"5";"3";"-3";"{MW;lr`r3,";"1";"0";"0";"-2";"^|a!so""Lo5"
"-1";"0";"-4";"1";"3";"-4";"0";"4";"-2";"oV7<x$G(""6";"4";"-4";"1";"5";"Q&LE_Z\Gb{"
"2";"5";"4";"-5";"0";"-5";"-2";"-1";"4";"K']8Xdb94t";"1";"-5";"-5";"-3";"1DD""=P7<)m"
"3";"2";"3";"-5";"0";"-3";"5";"-4";"1";"[y$b/t!}LX";"0";"0";"0";"5";"*'UT7suqg$"
"-4";"4";"-4";"-2";"-5";"0";"-5";"0";"-5";"Ge`Wa4pjQ5";"-4";"2";"-3";"3";".DYT5a@;qp"
"-1";"5";"-2";"-1";"0";"-4";"-5";"2";"-3";":d!:UK\q]/";"5";"1";"-2";"-2";";T;x'kipg9"
"0";"2";"0";"5";"-1";"-2";"2";"-2";"-4";"@.lsVM?4Gt";"-3";"-2";"5";"0";"\}a_Uw^aFE"
"4";"2";"2";"5";"1";"-4";"-5";"1";"3";"Wf!W9;/qMd";"0";"-1";"5";"4";"a;-!GI*uW:"
"4";"4";"-3";"2";"-3";"-3";"4";"3";"-5";"d!*<jGE^0y";"0";"-5";"-1";"1";"0@)\,ZAxmi"
"-4";"2";"5";"0";"5";"-4";"2";"1";"-5";"5lG\mhdirq";"-3";"3";"-5";"0";"[YLU+(DPDE"
"1";"4";"1";"1";"5";"-2";"0";"4";"4";"""H2_/}`=P'";"0";"-1";"0";"0";"lSX!Bc\1)."
"4";"0";"-2";"-5";"0";"2";"-1";"1";"-2";"->wPW-K|(\";"-5";"-5";"-2";"2";"Dx""[jx}Y33"
"2";"5";"1";"-2";"-2";"-3";"3";"-1";"-1";"-L'5D,zj}1";"0";"-5";"4";"5";"KIv0yUIDUK"
"-2";"-3";"-1";"-2";"-3";"5";"-4";"-1";"2";"&$TEdv}T++";"-1";"-1";"-2";"-5";"DR*9Qk:}tx"
"-5";"0";"1";"-5";"0";"0";"-2";"-1";"-1";"7uAo2M(8'b";"2";"-3";"-1";"1";"OJ""A{d8RQ`"
"-1";"1";"-1";"-1";"4";"0";"0";"-5";"2";"O?4$Db)-r+";"3";"-3";"0";"-1";"k!A=Y8RzA!"
"-4";"0";"-4";"5";"-3";"-4";"0";"5";"-5";"AjFk>qOVX[";"-3";"5";"-1";"4";"rT<zv88POF"
"5";"5";"3";"-4";"-3";"-2";"4";"-2";"5";"Fz(eX!_86/";"-4";"2";"0";"0";"<_Kc9$w5Y\"
"1";"3";"-1";"-4";"-2";"0";"1";"5";"0";"6h!Iu6t@7%";"-3";"-4";"0";"-3";"W&&F:K8X&G"
"1";"5";"4";"-5";"5";"5";"1";"0";"-1";"o$hZ0%W.rQ";"-1";"-5";"0";"4";"DpfNeb0""ly"
"0";"3";"-5";"-2";"0";"-5";"1";"0";"2";"1&%k;-_wR:";"-2";"4";"-4";"0";"DItmV1:|YB"
"-4";"0";"4";"1";"0";"-4";"-4";"0";"-3";"mg#VQY|y6/";"-4";"-4";"1";"0";"-]Q""3OwvjD"
"-1";"3";"-5";"4";"4";"-2";"2";"0";"0";"[<+MYJMEYX";"-2";"-3";"1";"5";",{U*Dx9*%c"
"3";"4";"-1";"-5";"0";"-5";"0";"4";"0";"_t`$)l+\[>";"-1";"-2";"2";"0";"<W{:+.C.]e"
"1";"-2";"-1";"-1";"5";"-1";"3";"1";"0";"B\:<-h$Sac";"0";"-2";"-4";"3";"tS!6R30<C("
"-4";"-1";"-1";"3";"4";"2";"4";"1";"-4";"WSgCMS_r4-";"5";"-2";"-4";"3";"4&VqhD41""u"
"0";"-4";"1";"-1";"-5";"-4";"-4";"-2";"2";"kE{;?kRTB|";"5";"-2";"-4";"0";":nD8cY))#]"
"4";"3";"-1";"-5";"0";"5";"0";"-3";"-4";"%\FD!&,ghA";"3";"4";"-3";"-1";"u@5yR2mJWS"
"-5";"-4";"-2";"0";"-1";"-4";"-4";"-3";"-4";"=:x*.OZ`E`";"5";"2";"-2";"-5";"iq9K[:fRu]"
"0";"2";"-4";"-3";"-5";"-3";"3";"-5";"-3";"X(`x1`5v#N";"-5";"2";"2";"2";"KD0^+MMk&M"
"2";"5";"-3";"-1";"0";"0";"4";"1";"0";"qr""I#]y:iV";"4";"0";"-3";"0";"m#Du$y/5@l"
"0";"-3";"-4";"3";"0";"-4";"0";"-2";"1";"/81=>BtGp9";"-4";"-3";"-3";"0";"3ZcqNc/\VE"
"3";"-4";"1";"-5";"-2";"2";"-4";"-3";"0";"lsdds{3VKN";"0";"-1";"1";"0";"K2ffZ}GCNa"
"1";"5";"1";"-4";"0";"5";"0";"3";"2";"4p:{SO(fWf";"1";"1";"-5";"1";"?PD=""F`0RK"
"1";"3";"-3";"0";"3";"-1";"3";"0";"3";"Mu-)w""n<\c";"-1";"-3";"0";"1";"m)KSpPHCp^"
"-5";"-2";"-1";"0";"0";"-1";"0";"-2";"3";"C4VBgS%VW]";"-3";"0";"3";"5";"H'^S>`pq1&"
"-1";"1";"2";"-5";"3";"0";"0";"-3";"4";"M>rHI/ioB6";"3";"-2";"-5";"-3";"T8E^SxgA1B"
"2";"-2";"0";"-4";"-1";"-2";"-5";"-2";"-4";"6+sKdiH)}\";"-2";"5";"-4";"0";"D-D=Y;DlKi"
"-2";"5";"-3";"-4";"-5";"0";"-2";"1";"-3";"zeI!OW7a""}";"-4";"0";"-4";"-4";"L\q-83zL0("
"2";"-1";"-5";"1";"-3";"-3";"3";"4";"2";"_HNy|OPXqh";"0";"-1";"-2";"2";"gyU2?p9P+A"
"4";"-2";"-3";"-5";"1";"0";"-5";"-3";"-4";"#rQ-%GMU.j";"-4";"-3";"0";"3";"WG&0:rclY="
"-3";"-1";"-3";"2";"0";"-2";"-5";"4";"-3";"nBka\7R?-}";"5";"1";"-2";"3";"MfwqE11g(!"
"0";"4";"-4";"-2";"-4";"-2";"-1";"2";"-3";"_@Spp|SC\1";"0";"3";"5";"-1";"R'32eMww*P"
"-4";"-1";"-2";"-1";"0";"2";"-3";"3";"-3";"(*{f\zQ5{d";"3";"-1";"2";"5";"+8zcx3rI7z"
"-3";"-1";"3";"1";"-1";"-1";"-5";"-4";"2";"_yB+5I+G5*";"-3";"-2";"0";"2";"Z`O_]<I&&="
"-1";"5";"-4";"1";"-3";"5";"-5";"-5";"2";"+.UB6u]'MH";"-2";"1";"-3";"3";"dR+g{{u0}N"
"1";"1";"1";"5";"0";"-3";"-2";"-1";"3";"uPg2(]>xp*";"5";"1";"-1";"-3";"-)f,'|p;'A"
"0";"4";"2";"3";"-2";"1";"3";"-2";"4";"XH:uhT""1t>";"5";"-3";"-2";"-5";"_\=`exzfpa"
"2";"0";"2";"-3";"5";"4";"5";"3";"0";"!tN9`SA)TG";"1";"3";"0";"-3";"jSOXWYju_;"
"-4";"0";"-1";"-1";"1";"2";"-2";"1";"-2";"y^oi\G\8WK";"-5";"4";"-5";"1";"ufsbhVEF8B"
"2";"1";"-4";"2";"-5";"4";"-3";"2";"-3";"NfttJ<RZDJ";"0";"-4";"2";"2";"T\=qi6+0Iv"
"-2";"-3";"0";"5";"1";"3";"-3";"5";"-4";"zq])G\jtP]";"2";"-1";"-4";"1";"*)%ADNq'G?"
"5";"1";"0";"5";"-3";"2";"0";"-4";"5";"x#!,)x`6!.";"2";"-4";"1";"5";"9r<{!e8)Zr"
"-2";"0";"-1";"-1";"-3";"1";"2";"3";"0";"Kk.b]0G$W\";"-5";"4";"0";"1";"SJT/j,_=3+"
"-1";"3";"0";"5";"2";"-1";"2";"3";"1";"hZCL]=1`=1";"2";"-3";"-3";"0";"q<8[I8U}""H"
"-5";"4";"0";"4";"-3";"-5";"5";"-2";"-2";"[fAbLL}9zg";"2";"-1";"0";"0";":>W`uot>""d"
"4";"-1";"-2";"1";"2";"-2";"-5";"1";"-4";"_5iD]XHYi[";"0";"-1";"-5";"-5";"U|3}?JhlsY"
"-2";"-1";"-3";"0";"4";"-2";"5";"-4";"-1";"wS-TwEdY,v";"2";"-5";"-2";"-5";"[/IBblpK(f"
"3";"1";"2";"-4";"-3";"-2";"4";"4";"4";"X'ciV48oQF";"1";"0";"-1";"2";"%jrST\R!5g"
"-4";"5";"-3";"4";"1";"-2";"4";"-3";"1";"eNVxZwUM>.";"0";"2";"2";"4";"owTP3qI.K:"
"0";"-2";"-3";"2";"5";"-2";"3";"4";"-4";"(WYyh^JQy0";"1";"5";"5";"3";"LOO[<kZ5Qi"
"4";"2";"5";"3";"0";"-5";"4";"0";"-4";"a+;!Im3N?{";"0";"-5";"4";"1";"IS>+9[LsIb"
"-5";"-5";"0";"-1";"5";"-1";"2";"-4";"0";"s$D>G)^Y1%";"-3";"1";"0";"5";"}4D+ndu}u^"
"2";"0";"-5";"0";"-4";"4";"-2";"-1";"2";"S:XpH]ubW|";"-1";"4";"4";"-1";"""q=rakG<7}"
"-1";"0";"-5";"4";"3";"-2";"-2";"1";"4";"bA&ZPCzK-3";"4";"-2";"4";"-5";"IMD.I>A?4W"
"0";"3";"0";"-4";"-4";"1";"0";"5";"-5";"0J[`Y|.N7b";"2";"4";"-5";"0";"7\?YrR'uXt"
"4";"-3";"1";"-2";"-2";"-4";"2";"4";"2";"nIv-.2l!K9";"-1";"-3";"0";"4";"vu5HDQdxDo"
"5";"0";"-4";"4";"5";"3";"-2";"-4";"5";"ig^/x[.aJd";"3";"4";"3";"-4";"f1q+5]NEhT"
"4";"4";"4";"0";"-5";"-2";"-5";"-1";"2";"-c2>p8#}/&";"-4";"-5";"-3";"-5";")D2""j@G,IX"
"-1";"1";"2";"-1";"3";"5";"-2";"-4";"-1";"1>*d\.IQ*7";"2";"-3";"2";"0";"S]!LZ6SR-T"
"-5";"3";"-4";"1";"-3";"0";"4";"0";"-1";"h[Wl5lSI-d";"4";"4";"4";"4";"fvENn|3n+="
"-4";"3";"-4";"0";"0";"-5";"-3";"3";"-4";"W|#\7,z(E_";"-2";"5";"1";"-4";"h""""9F[GA*m"
"-1";"-1";"3";"4";"-3";"-4";"5";"2";"-3";"`4,A7RC?Pd";"-3";"4";"5";"0";"nEoK>*L.{7"
"5";"3";"-5";"0";"0";"0";"5";"-5";"-1";"e2]<{rh-[|";"-3";"1";"-5";"-4";"Y5]Z-kYfH)"
"3";"1";"-4";"1";"3";"3";"3";"-5";"0";"8{'&8'b,b%";"0";"3";"-5";"-1";"j7mDZk/,-s"
"0";"4";"-3";"-1";"5";"-4";"3";"0";"-5";"y?+IFB-i-Q";"-3";"0";"5";"4";"rugvweuwGP"
"-4";"-1";"1";"4";"-5";"-2";"-4";"2";"0";"y<bK=Lv|?)";"0";"-3";"5";"0";"$]+R>`xud!"
"-2";"5";"-3";"3";"-3";"0";"-4";"-3";"0";"HYZsCO0iy@";"1";"-4";"-4";"-2";"ipCiKMU58?"
"1";"-1";"2";"1";"3";"-1";"2";"0";"-2";"I{/HEDW:hW";"-4";"0";"-2";"0";"#*WsS2*=""z"
"-1";"-2";"0";"4";"2";"2";"-5";"0";"-5";"|S*R6]cHqO";"-5";"0";"0";"-3";"Dp^e^=sJQl"
"0";"1";"3";"2";"5";"1";"-4";"-1";"-5";"]%hs17@hsm";"-3";"-2";"1";"3";"i(O7g>I&\K"
"1";"2";"-1";"-4";"5";"0";"-3";"-2";"0";"WqUdS`{Nz)";"-4";"0";"5";"-5";"_\I',m8pIn"
"-1";"3";"-2";"-4";"0";"-3";"0";"2";"0";"B>3ZdqvfiN";"0";"1";"-1";"-2";":seyeal$AD"
"-1";"-3";"2";"4";"0";"1";"-5";"5";"1";"1$+*-TCj(2";"-1";"0";"-1";"0";"4qJTKz|jY\"
"0";"-1";"1";"2";"5";"1";"-2";"0";"3";"-5M-;%kQ\m";"0";"5";"5";"1";"b$t+K""{Rq_"
"-3";"4";"-3";"-1";"-4";"1";"3";"-2";"-3";"[IM!rRZ'EP";"5";"-4";"-4";"4";"OdAroUkcy!"
"0";"-1";"-1";"-3";"-1";"-2";"0";"-3";"0";"xQ*Gm)iX)N";"0";"-1";"-4";"-2";"E4T\Nk;|E2"
"1";"4";"0";"0";"-1";"0";"5";"-5";"3";"t}1xc5>r\@";"-2";"5";"-2";"-2";"PB43/!qt6I"
"-3";"5";"2";"2";"-3";"0";"1";"-2";"-3";"^4x/Wf6rE(";"0";"-5";"3";"1";"e9BaXzsmZ("
"0";"0";"-5";"3";"3";"-4";"0";"0";"4";"ce?p1CJ$u8";"4";"5";"-4";"-2";"""z""yAA2<8:"
"-4";"0";"-1";"-1";"0";"-3";"-1";"-4";"2";"5i/^NI\.0M";"-5";"1";"-2";"0";"9yV&vMZgb("
"0";"-5";"-4";"0";"-3";"3";"5";"-2";"2";"A9YPgARQ\G";"-4";"-4";"1";"-1";"WDD0""f`|p-"
"-2";"3";"-2";"-3";"-3";"3";"4";"1";"3";"x]c-Fe:!nE";"-4";"3";"-5";"-5";"8HS[j03^b2"
"-5";"0";"-1";"4";"1";"-2";"1";"0";"-4";"bpDWPs""B:)";"0";"-4";"3";"2";"m_bGSMI`'u"
"0";"0";"-2";"0";"-2";"2";"-4";"2";"-5";"sxr&3pgCa[";"-1";"2";"-1";"1";"X2,W?D$>5d"
"3";"-5";"2";"5";"2";"1";"0";"-2";"0";">]u.{8O8=R";"3";"5";"1";"-1";"oOu8Swq!}+"
"-2";"5";"0";"4";"2";"2";"0";"5";"-5";"%QWe|eQxki";"1";"1";"-4";"3";"O4n2<41?_="
"-3";"-2";"5";"4";"0";"-1";"-1";"-3";"0";"Y/W*_{Ce]w";"1";"-5";"1";"5";"B=""bL#!rR&"
"-1";"0";"-3";"2";"-1";"3";"-4";"4";"-1";"yF5%?\oU/#";"-5";"4";"4";"0";"$t:5<mMM(L"
"1";"4";"-4";"-3";"3";"5";"-4";"-1";"0";"H{N1RD1a,n";"0";"5";"-5";"-1";"0.[d\gx!7"""
"-5";"0";"3";"0";"-4";"5";"1";"3";"-3";"r9rz#sKOp+";"2";"3";"1";"3";"Ssl/t}M/h?"
"-2";"3";"1";"5";"-2";"-1";"4";"4";"1";"K.&rF^HH4'";"0";"-2";"-2";"-2";"7mtMUiBBt>"
"0";"3";"-3";"-3";"0";"2";"0";"2";"-1";"`|Z4vMF?Q!";"-3";"-3";"-1";"-5";"SeXDS1;v@{"
"3";"4";"0";"3";"1";"-5";"0";"-4";"4";":V7Yfld40?";"5";"-5";"4";"-4";"(Bem?&rjJu"
"2";"3";"0";"0";"3";"-4";"2";"-1";"-4";"?6k5DI$yy;";"1";"-5";"0";"0";"B.rG1.4CNc"
"2";"-2";"4";"4";"2";"-1";"-1";"0";"-5";"I1E0SNj.n5";"-1";"-3";"0";"2";"r1MX3%Awk6"
"-4";"-5";"0";"-5";"4";"1";"2";"2";"0";"s%""^mB""'7K";"-4";"5";"4";"5";"eAoZnMrnYL"
"2";"-5";"2";"-3";"-5";"-1";"-4";"2";"-4";";-5{$F=BK3";"-1";"0";"-3";"5";"q^9[#m6CpI"
"-3";"-2";"-5";"1";"-2";"0";"4";"0";"-2";"s{!3L+is>K";"-5";"-3";"2";"2";"J/geq:+9g4"
"1";"4";"2";"1";"0";"-2";"5";"-1";"-5";",[k'mqxmy0";"5";"-5";"2";"5";"DP,gq&_QH*"
"5";"2";"-2";"1";"-5";"-5";"0";"3";"-5";".:OApYyf/1";"2";"-2";"1";"0";"=f&*b1WN&9"
"5";"0";"-4";"3";"5";"0";"-1";"-1";"0";">fqpQIYh_e";"0";"0";"4";"0";"L3>L+}S8<,"
"2";"3";"3";"5";"-1";"-4";"0";"-4";"4";"WbNAr_zt4?";"-4";"-3";"-2";"1";"n?""]Xyt?8A"
"0";"2";"4";"3";"-2";"-4";"0";"-5";"-2";"!lOB4wuLLZ";"3";"5";"0";"-2";"SrD$>5Kf.5"
"5";"2";"-1";"-1";"-3";"0";"1";"0";"4";"_x3bsdyO|M";"4";"4";"4";"-3";"XozYPmZi8H"
"5";"3";"-2";"5";"0";"0";"4";"-2";"-2";"xkkCD2p]V-";"5";"4";"-1";"3";"j4Ho_PHt|x"
"4";"0";"0";"-3";"-5";"0";"0";"3";"0";"_Q>C1^dukJ";"2";"0";"3";"-4";"n7X$7_X3V|"
"1";"1";"4";"2";"4";"-5";"-5";"-5";"-1";"Lz?wqBq)Dr";"3";"1";"3";"3";"YRs9Mv""4r0"
"-2";"-3";"0";"0";"-5";"0";"4";"4";"3";"I'El<D5m?_";"1";"-1";"-3";"3";"aDE@cGVg4&"
"1";"-1";"-4";"1";"2";"5";"0";"4";"1";"8O[M0""n&`9";"0";"-3";"-3";"0";"b>QBOn3)\C"
"3";"-4";"4";"-2";"2";"1";"-1";"-2";"-3";">7&Oz*+Kyn";"3";"-4";"3";"0";"Gv:z_oGz,a"
"-5";"2";"5";"1";"5";"4";"-2";"-3";"1";"&/x&{`EJS@";"2";"-1";"0";"0";"fcN#(@?tz*"
"-2";"0";"-5";"2";"-2";"1";"-5";"-2";"-4";"3ZiSP$H4Yq";"-3";"-1";"0";"5";"PK8*<_=hVf"
"-4";"-1";"0";"-1";"-3";"-5";"-2";"-4";"-2";"io;@_On9?|";"5";"5";"-1";"0";"'PB#r1]xWJ"
"4";"-5";"3";"4";"1";"-4";"0";"-4";"-4";"^2r}%3Y0{-";"1";"2";"-2";"-2";"%Uyk$)M[IK"
"-3";"2";"-4";"-5";"2";"0";"0";"4";"-5";"Z/zQU[2@]q";"2";"-3";"-2";"-2";"D=AG}Y'y|V"
"-3";"-1";"-2";"4";"-2";"-1";"-3";"1";"4";"PuKdMtcWF;";"3";"-4";"2";"2";"/p4R0+-k,'"
"1";"0";"-3";"-4";"-3";"3";"0";"-5";"0";"NTNWfi9R.q";"0";"0";"5";"0";"vi&q\=W7{>"
"1";"1";"3";"5";"-1";"5";"4";"4";"3";"f#SeCz]YaP";"-1";"2";"-5";"-3";"0=fvd?53j@"
"-5";"1";"3";"1";"3";"4";"2";"-2";"0";"#MOL$suvU$";"0";"4";"3";"-2";"#h2H)9u\4+"
"0";"-3";"5";"4";"5";"4";"-3";"5";"-5";"j3B9S/-9{m";"-1";"5";"-1";"0";"Vh]tp\}Dza"
"2";"3";"-2";"-5";"-5";"0";"-5";"-1";"-2";"Z91#)Gr4$'";"0";"3";"0";"-5";"iNye8.bNY*"
"5";"3";"3";"-4";"-4";"-2";"-3";"-3";"-1";"{0WAPMRA>[";"-4";"-2";"-3";"0";"{Ivo)%r7h&"
"0";"-5";"0";"0";"0";"2";"3";"0";"-4";"f=m/i|J)<Y";"0";"-1";"0";"-3";"Lc;L2\2/_%"
"4";"1";"-4";"0";"-1";"-1";"1";"0";"1";";Py)>Q$nAr";"-3";"1";"0";"-1";"5600&.{`m0"
"-5";"4";"2";"4";"-1";"-1";"3";"1";"4";"}*bDp]#{9U";"0";"0";"5";"-5";"&+3nXyXNtk"
"-5";"-1";"2";"4";"-4";"-1";"2";"1";"-4";"X:zTpawS=>";"2";"0";"5";"1";"MCT),k%h8h"
"-3";"0";"-3";"-1";"-5";"0";"-3";"3";"-5";".3vqFv!eq,";"0";"-3";"-5";"-5";"/\/@!A@_ka"
"2";"-3";"3";"-3";"-3";"2";"-3";"0";"2";"-N\H8Bb4Jq";"4";"3";"-2";"3";"t>lL""/\GCV"
"1";"-3";"2";"-5";"0";"5";"-1";"1";"3";"@}h49n(qWq";"1";"-2";"1";"-4";"wOxBNMTd_Y"
"2";"0";"-1";"3";"-1";"1";"-1";"5";"1";"f*3N9grI=6";"-2";"-5";"-2";"2";"ZOyWNnl*>-"
"-4";"2";"1";"0";"-5";"-1";"2";"-2";"-1";"o{v^FsH4xQ";"4";"-2";"-1";"-5";"su^H3]n8r4"
"5";"1";"0";"0";"3";"5";"-1";"-3";"5";"P9TC$5?02;";"5";"-1";"5";"4";"@SBnp!9`O("
"2";"3";"-4";"2";"-1";"0";"5";"-3";"1";"/^aSm+T/E{";"-4";"0";"5";"-1";"kMG8iL=bWX"
"-2";"0";"2";"1";"3";"-4";"-4";"-1";"5";"&HJ._A5m<H";"-3";"4";"0";"5";"ny.qz7YrbD"
"-3";"1";"1";"3";"1";"4";"-3";"4";"0";"3d=BK4?yTc";"-5";"4";"0";"5";"4WM6Msi.yo"
"1";"0";"0";"0";"-2";"1";"-3";"4";"0";"U%ZIkh/)Mr";"5";"-5";"-1";"0";"}#L7j#]R\e"
"-4";"0";"-2";"-1";"4";"2";"5";"-3";"0";"}6Vj|'VYRZ";"2";"0";"0";"-5";"0d*68N:zRA"
"3";"5";"-2";"4";"4";"-3";"0";"-4";"4";",Vya@6rz9I";"0";"2";"5";"5";"<Lt19{&T}o"
"3";"-2";"-3";"-4";"1";"0";"-2";"3";"1";"gt;b.HpiQb";"-4";"-5";"-3";"2";"6{>D>)A?Iw"
"1";"3";"-3";"1";"4";"4";"0";"-3";"2";"HYrQfaAp\@";"2";"-1";"-2";"0";"yraFu@6_Dx"
"5";"-3";"1";"0";"2";"-2";"-2";"-1";"-4";"85K|P_1'RF";"-2";"0";"2";"-5";"Pwp%,t{$^?"
"4";"5";"4";"-5";"0";"0";"-4";"-5";"5";"3q;Jh/umL|";"5";"-2";"0";"2";"p^nu]6fwyQ"
"1";"-1";"1";"-2";"5";"0";"-5";"0";"2";"C=VJh;wp*<";"-3";"-3";"-5";"3";"kr%V`7:ngf"
"-3";"3";"-5";"0";"0";"4";"5";"-5";"-1";"m8\V!=<Q3E";"-4";"1";"1";"-4";"_&?Y,$F_6A"
"3";"-2";"2";"0";"-5";"1";"-3";"-4";"-3";"-LMpdhNcUq";"-4";"-1";"-1";"-2";"O.+i5KZ]7G"
"3";"1";"-5";"5";"1";"0";"4";"0";"-1";"yF9a[.C""OF";"-2";"-2";"-1";"0";"AxtCL*(bcc"
"3";"0";"-1";"-4";"2";"2";"-1";"-2";"4";"_5H.B>Nf[P";"0";"0";"4";"-2";"XlpeeMH\fW"
"-5";"-1";"-3";"3";"-4";"3";"2";"-1";"-1";"^lV$k-:Tcx";"0";"-1";"0";"-3";"n&M{m8V_q#"
"4";"-5";"0";"3";"-4";"-1";"0";"-3";"-5";"GwZS])w/.v";"4";"0";"-1";"0";"2mUiNvpslj"
"1";"-1";"3";"2";"0";"4";"5";"0";"-5";"%n&=G'_Htp";"-2";"-5";"0";"0";"qXcma#B{SD"
"-1";"-1";"4";"4";"2";"5";"-1";"0";"3";"w4p6G-t7)n";"0";"-4";"-5";"-2";"%oVHQ)H*Zj"
"-3";"0";"-3";"-1";"-3";"-1";"0";"-1";"2";"UBI\^},/\C";"-2";"0";"-5";"2";"O;Yp@h_5V8"
"-5";"5";"-3";"-3";"5";"0";"0";"-5";"-5";"\""'epu&BJz";"4";"1";"0";"2";"!M?onf<X5p"
"0";"4";"0";"-5";"1";"4";"-1";"0";"-3";"^V-E@NiWoO";"0";"3";"-2";"0";"""52K=Is/U!"
"-5";"0";"-3";"5";"3";"4";"-1";"-4";"5";"/+K}aqof""P";"4";"-1";"0";"-3";"&zh&9LxQ#I"
"4";"4";"-2";"5";"-5";"0";"0";"-2";"5";"4}uM^l<^>K";"0";"0";"-3";"3";";Zj0}CTEwv"
"4";"-3";"1";"3";"0";"-3";"-3";"0";"2";"X;;?hMAXii";"0";"0";"-5";"-4";"C6d3pQ&C9."
"-1";"-2";"4";"-4";"2";"-4";"-5";"3";"4";"xkOgYqv*VH";"-4";"1";"5";"4";"ZIH?K&6A""y"
"2";"0";"0";"1";"-3";"-1";"-5";"-1";"-5";"ppq(Y@0oRd";"3";"1";"4";"-3";"-wc0eXqxwF"
"-4";"2";"-1";"4";"-4";"-1";"2";"-5";"-5";"CY4kQ&2Fp6";"-1";"0";"-5";"-3";"QKg+)q{|Gw"
"3";"-1";"2";"-2";"0";"1";"-1";"5";"4";"im{|X:w""m]";"2";"2";"-2";"4";"NoPp6wU4(\"
"-1";"-1";"3";"-2";"-5";"5";"-1";"-2";"-1";"A{_HeY*!Lf";"-2";"3";"-1";"0";"uuy]7lZe^U"
"0";"-5";"0";"3";"-5";"-3";"2";"-4";"-1";"V._/P*C*c#";"0";"3";"2";"-1";">x}Nco`-v<"
"2";"1";"1";"5";"-5";"-4";"-5";"-2";"0";"l0|_@<N.Pg";"2";"4";"-1";"-3";".-LLzB-GZ("
"1";"5";"-1";"-4";"2";"0";"-1";"-2";"1";"t<pd`8y+lL";"-4";"5";"3";"-3";"ahJK%,*oal"
"0";"0";"-3";"0";"-1";"3";"-2";"3";"-1";"@ZjLAc%,]_";"0";"1";"0";"-5";"=)K;N(.`._"
"0";"5";"-4";"-5";"0";"-4";"-5";"-3";"-5";"^O?3J*BN<u";"-4";"-1";"3";"4";"Bxj7t{>6oW"
"-5";"3";"3";"0";"0";"4";"4";"1";"1";"W^T8*0nN0A";"0";"0";"-5";"1";"8u*`|L<\]v"
"0";"3";"-4";"-4";"-4";"5";"0";"0";"-5";"h(J\]T1ROi";"-2";"1";"-5";"0";",4hwVi(8P1"
"-5";"2";"1";"4";"-3";"1";"-1";"3";"-5";"O'|VdZ9C+7";"1";"1";"-4";"0";".cf4Z\qZ@,"
"1";"-3";"-2";"-3";"-5";"0";"5";"-2";"-3";"i(@d<xpvWN";"-1";"1";"3";"3";"**.Uabig^x"
"2";"2";"-2";"5";"2";"-1";"4";"-3";"5";"`8&_]k&c}-";"-2";"-1";"0";"5";"Yd""!\3MV^."
"-4";"1";"4";"-3";"4";"-1";"1";"1";"5";"F/#JVe?c^:";"1";"5";"3";"4";"Fn;_@-cs=*"
"4";"-4";"-4";"-4";"5";"-3";"0";"-1";"5";"<ANIP'5Ll)";"-1";"-3";"3";"2";"6!0fxbi""F$"
"-4";"4";"3";"5";"-3";"5";"-5";"-1";"-4";"Z33ZMt,-h$";"-3";"1";"1";"-5";"r$(41pcgzx"
"-2";"-2";"2";"-5";"-3";"0";"-1";"-3";"2";"/X\c*q7oH=";"0";"0";"3";"0";"`$lmiSLQN;"
"0";"2";"-4";"4";"0";"-1";"-3";"-4";"0";")Ia9yo@k;{";"5";"-1";"0";"3";"*W]nKEQX{7"
"-5";"5";"0";"0";"-5";"4";"-2";"2";"1";"}2X6#4?)""<";"-5";"-2";"0";"5";"hF6Rv)HEAb"
"-4";"2";"-4";"-2";"-3";"-2";"3";"3";"-1";"izdIe}0LTw";"-5";"-2";"-4";"5";"?CXF+uaNg?"
"1";"0";"-1";"3";"1";"4";"2";"-1";"0";"&dN6`WZtwh";"-5";"1";"-3";"-5";"!8)*|Qk%]K"
"3";"1";"-4";"0";"4";"0";"0";"5";"4";"Pix43DA%|j";"0";"3";"-1";"1";"_suQg@rMBR"
"-4";"1";"-3";"-3";"-2";"1";"-4";"-3";"-3";"S-l@<MTiL}";"3";"-2";"3";"-3";"-@bMdwk7}#"
"-3";"-2";"-1";"-3";"2";"-2";"5";"-2";"3";"^*v%Le!K8`";"0";"-4";"4";"0";"Z|mfV#oL\b"
"0";"4";"3";"5";"2";"-5";"3";"0";"-2";"&r!vYyk!6@";"3";"-3";"-2";"-2";"t&*g-8('h*"
"3";"5";"1";"-1";"-3";"1";"1";"-5";"-5";"k<M{-@6*/}";"5";"0";"0";"1";"Y<)csuYSYT"
"-5";"2";"-4";"-1";"-4";"5";"2";"5";"3";"Hl=lXT_Q}n";"0";"5";"-4";"3";"JVp,""dhrSe"
"0";"1";"0";"5";"-3";"1";"-2";"-2";"-1";"M1c_>R_}'$";"-5";"0";"1";"-2";"QlpJ.cFp*="
"-3";"1";"3";"2";"2";"-4";"4";"-1";"-2";":7+}8KLemA";"0";"4";"3";"0";"+b(-a!/7h$"
"0";"-2";"-3";"0";"2";"5";"3";"2";"-1";"hi;!3t2[0B";"-5";"0";"-2";"-2";"HLyQDV3.Tv"
"0";"-5";"4";"4";"-3";"4";"2";"0";"3";"S'/.,_[""VL";"0";"0";"1";"-5";"`""d@;^_KJJ"
"4";"0";"0";"5";"-2";"-5";"3";"-2";"-2";"CE`i0>^u>v";"2";"-4";"-5";"1";"5*""S'>D>|6"
"1";"-2";"5";"-4";"2";"0";"-2";"3";"0";"(zPSzAo*H7";"1";"0";"3";"-1";";s<)5%h?[k"
"0";"-1";"4";"0";"2";"1";"3";"2";"4";"S*MN]8,.?g";"2";"5";"3";"-3";":yr/4Y:`2q"
"-3";"5";"2";"3";"1";"2";"-5";"3";"2";"$nSvZsmM@j";"2";"-5";"3";"-3";"2aPhBx8B<n"
"-5";"1";"5";"-4";"1";"-5";"4";"4";"-4";"lmy_pCjZ]U";"2";"-3";"0";"-1";"Nfoh[j\r;Y"
"0";"-4";"-2";"2";"-5";"3";"1";"5";"5";"D<O)""T.xT)";"-2";"-4";"3";"0";"_[&RK""<z5-"
"4";"-3";"0";"-3";"2";"3";"-2";"-3";"-2";"V!H^p?d{0k";"-5";"-1";"-1";"3";"1|w:LV=gDO"
"-5";"3";"-3";"-3";"-5";"5";"5";"1";"4";"q<w}&i!@zp";"0";"-1";"0";"-4";"]Df&S5;;V-"
"5";"0";"0";"0";"2";"5";"4";"-2";"-5";"dq/sX|R>F-";"-5";"-4";"0";"1";"z3s5'&5^6&"
"0";"3";"0";"0";"3";"-5";"2";"-4";"4";"QA*P&Aybna";"-5";"-5";"0";"-2";"Ah8-RS:kTU"
"1";"0";"-4";"3";"0";"0";"-4";"-2";"-1";"*_313[H@bo";"-4";"3";"1";"0";"(Fl\?W!qIn"
"-5";"1";"0";"-3";"4";"2";"5";"1";"4";"z0Qy4W(Z$x";"0";"0";"-5";"1";"jIFJn0PFKf"
"-2";"-3";"-2";"3";"-3";"-2";"4";"2";"5";"F$Emit.Sb&";"-4";"1";"-4";"-1";"+tw{.\{iNl"
"-4";"-3";"-5";"-1";"-3";"1";"-4";"-4";"0";"%DuKW1+""9H";"-2";"3";"-5";"0";"j6<;'@B_^K"
"-5";"0";"-4";"0";"-5";"5";"-5";"0";"-1";"s4t^>Q-Lxd";"0";"-5";"-3";"5";"Q|gwD]<hgP"
"0";"-4";"3";"5";"5";"-3";"3";"-3";"4";"]&&i-7tp3}";"-4";"3";"-1";"3";"H^G9ub`t$C"
"-3";"4";"4";"-1";"-2";"-4";"3";"-2";"2";"BgP85C1BT-";"-4";"0";"5";"4";"D>lv=Yc,rx"
"-2";"5";"0";"2";"5";"0";"-3";"-5";"-3";"Sl%hl:L;YP";"3";"-4";"-3";"0";"Go$Mc*D_{3"
"2";"-2";"-4";"2";"-2";"4";"-1";"-4";"-4";"=iV}$pNl=D";"5";"-5";"-1";"-3";"/-1/A7tq!a"
"-5";"3";"-1";"2";"1";"-5";"-2";"0";"1";"Bicyu{5\6,";"-5";"-3";"-2";"-5";"LjV(ltWXgS"
"-2";"-4";"-4";"4";"5";"-4";"-3";"1";"-2";"/]:x3*=qp`";"-2";"0";"2";"-5";"H(85svb0FX"
"-2";"-1";"-5";"-4";"-5";"-2";"0";"-3";"5";"^uQ9!k/IND";"-5";"3";"-4";"-3";"*=CLxU;xD="
"0";"0";"-2";"2";"5";"2";"3";"4";"-2";"G7;%9OiG4%";"-3";"5";"-5";"-4";"qJPJpgUC#!"
"4";"-3";"1";"0";"-2";"2";"-4";"-3";"-1";"""s'Ik:w#f+";"-2";"4";"2";"-5";"%>BqSsbiq<"
"-4";"-3";"-4";"0";"4";"4";"0";"-1";"0";";wz5/Bdf""{";"1";"4";"0";"-3";"Il,f|}W&kx"
"0";"1";"1";"1";"-5";"0";"-5";"5";"0";"+TIp;|EX}X";"4";"2";"3";"1";"J4p2,TF.zJ"
"1";"0";"-5";"-1";"-1";"2";"-3";"0";"0";"1]6H{)n&BV";"0";"-2";"-3";"-2";"z^?IqS`A.J"
"4";"-3";"-3";"5";"5";"0";"0";"-4";"-1";";TpLvn)Y!\";"0";"0";"0";"-4";"S;H:)Md/T("
"-4";"-1";"1";"-1";"-4";"0";"0";"4";"1";"S/(=^cA]gR";"0";"0";"2";"-4";"T':Fv$>VH}"
"1";"3";"-3";"5";"-3";"-5";"-3";"2";"-2";"9/'}a@R_F.";"3";"1";"-3";"0";"OHoIM),FfH"
"0";"-4";"-5";"5";"-1";"-1";"2";"1";"-3";"W|^N:l43It";"2";"-3";"2";"-4";"A0#eru$jq8"
"0";"-3";"0";"0";"-2";"2";"4";"5";"-2";"H/IR|+'0!A";"3";"-5";"1";"1";"F|R%WYnw)@"
"5";"-1";"-2";"-2";"0";"3";"5";"2";"-3";"PJ6u|w&ojM";"0";"-2";"-1";"-1";"\X>1)y\$l@"
"-4";"-2";"5";"-5";"4";"1";"0";"-1";"1";"6xkyaW4I>,";"0";"-5";"3";"0";"7{Uol1KH&V"
"5";"-3";"0";"0";"1";"5";"-3";"1";"5";"C<l9&@wSFl";"2";"1";"-4";"2";"WJ7v|I?]+i"
"-2";"5";"-2";"-5";"4";"3";"3";"2";"2";"WTxGp^FC<K";"-1";"0";"4";"-4";"E*PD""^74R3"
"3";"3";"-4";"0";"5";"-4";"0";"2";"-3";"f${;1!EJXG";"-1";"3";"5";"0";"s(Z/xgkj/X"
"4";"2";"-1";"-3";"-3";"2";"-3";"1";"-2";"5t#T1/)u;C";"-3";"-2";"-4";"-3";"B0fq(fOCIK"
"-2";"5";"0";"-5";"4";"4";"-5";"1";"4";"JnptYNr?x]";"2";"-2";"0";"1";"SVCsz0{8mX"
"4";"5";"3";"1";"0";"1";"-5";"-1";"-5";"<=F*n4""?o?";"3";"1";"3";"-2";"'ZKI=(fl@I"
"4";"2";"-1";"-3";"-3";"3";"3";"4";"-5";"0Q4Dj,+Pfq";"2";"-2";"4";"-1";"9UYt&v&9d1"
"0";"3";"-3";"-5";"4";"0";"-3";"-3";"-2";"9R@b6d+4Vb";"5";"1";"3";"5";"<K}5>VxrL^"
"-1";"-5";"-2";"2";"-5";"4";"-3";"3";"5";"TvDrST%gy6";"5";"0";"-1";"5";";nO_'}'kNt"
"-1";"3";"2";"4";"1";"5";"4";"-5";"5";"y%&{1.WoYu";"3";"-3";"-3";"2";"t|11};C%2<"
"-1";"-5";"-1";"0";"-3";"0";"2";"0";"2";"rI><U0A.?d";"2";"0";"2";"-5";"v`$S0^?N94"
"5";"4";"5";"0";"-3";"0";"4";"-3";"-5";"VaM8m>ft|'";"2";"0";"-1";"0";"hsC5DMy'J4"
"0";"1";"5";"1";"0";"0";"-2";"0";"-5";"WZ05Pwa[?i";"2";"3";"0";"-2";"@6mZ}?HGUB"
"2";"-5";"4";"-1";"2";"-3";"0";"-3";"3";"uSul&_}o}z";"4";"1";"-3";"0";"rrZ=uJn}j]"
"-3";"5";"4";"-3";"-4";"3";"-1";"5";"1";"z;f82}N$pw";"-3";"-2";"5";"-3";"?0Ao%uQ*xz"
"-2";"2";"3";"3";"-1";"-1";"-3";"5";"-2";">v;V)$X[M^";"-1";"-3";"-2";"-4";"hV-wK>WQf;"
"-4";"-1";"3";"1";"-3";"3";"3";"-5";"-1";"Pj,B'AT'_4";"-3";"-4";"-1";"0";"5!p'khDH{P"
"2";"-2";"4";"2";"4";"-2";"-4";"-2";"-2";"i>hqn\zdYI";"-1";"0";"3";"4";">[v')wL:Fb"
"1";"4";"5";"-5";"-4";"0";"2";"0";"-4";"N""{mF}*GHV";"0";"-2";"0";"0";"N1S\kNnVfD"
"-2";"2";"-1";"-2";"0";"-2";"3";"-3";"1";"u)bD{qg;2L";"1";"-5";"-5";"5";"y.}N}6$s8A"
"-2";"-4";"-4";"-5";"0";"-3";"-2";"0";"5";"{0xfQ*ib9&";"-2";"0";"0";"0";"}W$,p%b-fS"
"4";"4";"-4";"0";"5";"0";"5";"-1";"-4";".g?IAwr]7,";"-3";"-1";"-5";"0";"pK7$'>.r\:"
"2";"5";"-2";"0";"5";"-2";"3";"1";"1";"a<e;E7yH=S";"0";"0";"1";"-4";":@`@}SNGT#"
"-5";"-2";"1";"1";"0";"2";"0";"-5";"0";"LS(O:GxAGQ";"-5";"4";"1";"2";"vZJp'h#poC"
"5";"-2";"-4";"-2";"-2";"-2";"0";"2";"1";"qeT]&2T*n9";"-1";"2";"2";"-4";"6=+-zkKXIA"
"3";"-4";"0";"1";"5";"-5";"1";"4";"0";"/`lyD`f@]n";"2";"5";"-5";"-3";"5Z_sSO`908"
"1";"0";"-5";"1";"-5";"3";"-4";"-1";"0";"S=NA^ZbLt^";"3";"-3";"-2";"2";"wg!vPre>{V"
"2";"-4";"-3";"5";"-5";"0";"0";"-5";"3";"iW(n`bcO&O";"-2";"4";"-3";"-1";"CX;;^>5!BU"
"-1";"-5";"4";"2";"-1";"0";"4";"-2";"4";"ax;3o?FH/!";"0";"5";"-3";"-3";"AV}#\P)Ltr"
"4";"-2";"-4";"0";"5";"-5";"2";"-3";"-5";"?LZJTX|=Q{";"0";"2";"-5";"4";"{ilBKtxI4!"
"2";"5";"1";"0";"2";"0";"-2";"3";"0";"bKXh5)50vt";"-1";"-4";"-1";"-3";"LXq)c0Eu6c"
"0";"5";"-5";"2";"-3";"-4";"1";"-1";"-4";"Rn8)%C<(Mx";"0";"5";"-5";"1";"/!fdtd=)+R"
"-2";"-4";"-1";"2";"-1";"3";"4";"-1";"-1";"s)D9I<+E80";"5";"1";"-3";"4";"lngH^kYJv3"
"-3";"0";"4";"-4";"5";"1";"0";"2";"2";"1ay3)mnHJB";"1";"5";"-1";"0";"p)/TW1/kDv"
"1";"4";"0";"4";"5";"-5";"5";"5";"1";"=v_f+f5B3;";"3";"2";"-5";"-5";"V,=FZ7{]6<"
"3";"-4";"4";"4";"4";"1";"-4";"-2";"2";"t64fq;wQH@";"1";"5";"5";"-4";")]Q47Yy2}$"
"-4";"0";"-1";"0";"-5";"0";"-3";"-4";"-3";"LECv+t1?@]";"-4";"0";"0";"2";"<53MO/y{Zm"
"-4";"-5";"0";"0";"0";"3";"2";"-5";"-1";"GyN!x}P1#g";"0";"0";"-4";"-2";"jTL78P.;M{"
"-3";"5";"3";"4";"1";"-3";"-2";"0";"-1";"XP!1&raOt\";"-4";"1";"4";"2";"Wp6z}#rdP0"
"4";"4";"4";"2";"0";"-3";"-3";"-2";"1";"l./`]AH.f,";"1";"4";"-5";"-5";"7i;K/dBn$l"
"0";"-2";"5";"1";"-1";"-5";"-5";"-4";"0";"w=4|m'l(Z$";"-5";"-4";"5";"-2";"Ls^q72=vTN"
"0";"5";"-3";"2";"-4";"-4";"4";"5";"-4";"Y{\r-q""[}q";"-2";"5";"1";"5";"cP8LVAg]L0"
"4";"1";"-1";"-2";"0";"5";"5";"2";"-4";"Z]mar<*RT@";"-1";"-3";"-4";"5";",7HT38NMZ{"
"2";"3";"4";"3";"-2";"-4";"0";"-2";"-3";":x,2R4|e,X";"2";"4";"2";"-2";"NmB6K@LW`O"
"0";"1";"5";"-1";"-5";"0";"4";"-1";"0";"i)IC9,tY7^";"-1";"3";"-3";"1";"-{mfec,UK\"
"3";"-5";"-2";"3";"0";"5";"-1";"-2";"5";"`&x$Uv`EJc";"4";"-4";"4";"2";")iGB-?-FPM"
"4";"0";"2";"-2";"5";"2";"4";"2";"-1";"p%@?{/%Vrs";"0";"0";"0";"3";"@fC3PEy#1B"
"-3";"4";"-1";"-1";"-1";"2";"-3";"5";"5";"BaYCf_c`%,";"2";"-2";"-2";"1";"ht-2iMB,]>"
"-2";"-4";"-2";"4";"0";"-2";"-1";"0";"5";"Z|NZcyTvY5";"-4";"-2";"0";"1";"(dt?@jjNB\"
"0";"2";"0";"1";"-5";"1";"3";"0";"-2";"pt03qi8""$+";"-4";"-5";"0";"4";":N$J-mV_cy"
"0";"0";"3";"5";"5";"-3";"-1";"1";"-1";"NSQJ|1UGal";"3";"-2";"-5";"-1";"O6_nKTS[A]"
"2";"3";"1";"1";"1";"3";"-5";"5";"-3";"&6mbm\`@=5";"-2";"-3";"2";"1";"j<H""}%L#vB"
"-3";"-5";"3";"-4";"2";"-3";"-4";"-2";"0";"']eHJz3:q;";"-3";"0";"-4";"-4";"V3?(n8*i>D"
"-4";"4";"3";"1";"4";"-4";"-2";"0";"-2";"htB_G`_!)0";"0";"-1";"0";"0";"8v$S.6!H_<"
"-3";"-1";"0";"0";"-2";"-3";"0";"-1";"-1";"$fbbliR#FY";"4";"3";"-4";"5";"MD^MgQt',l"
"-3";"-1";"4";"-5";"3";"-1";"2";"-4";"4";"/AY^'<F&1C";"2";"-4";"-4";"2";"$_Mj4sM8HE"
"4";"-2";"3";"-3";"-3";"-2";"-1";"-3";"0";"eK,t\uhiR,";"4";"5";"5";"0";"zqo,uU}kf*"
"2";"3";"-4";"-5";"2";"-5";"-5";"0";"-5";"/<`=%/jL0m";"0";"-1";"2";"-3";".JHNGbQLDM"
"4";"2";"0";"3";"4";"-5";"0";"4";"-1";"!5Kk9nlMWN";"0";"5";"3";"0";"h7e037B_EX"
"5";"3";"4";"5";"2";"2";"2";"3";"-3";"BV/T|KMaGj";"3";"5";"0";"-1";"U93A!ewpL$"
"5";"0";"1";"-3";"0";"2";"1";"4";"-2";"<=b@UnJkwD";"1";"0";"3";"1";"d=GSS""_Y1,"
"0";"-2";"-3";"4";"0";"-5";"-5";"-1";"0";"W#;W5w*rR_";"-1";"3";"0";"1";",h:nS4T^S="
"1";"2";"-5";"0";"0";"4";"-1";"0";"-1";"J;/u{:SjaY";"4";"-5";"-1";"-3";"T{p#TStLbP"
"-4";"-1";"4";"4";"0";"3";"4";"-4";"0";"I;mr!q'i+t";"4";"0";"4";"0";"s1ub1lRt{\"
"1";"4";"4";"5";"3";"0";"1";"2";"0";"n3f'4`zQ:d";"0";"-4";"-3";"0";"BQ@k9V^J%)"
"0";"-2";"1";"0";"0";"-5";"-2";"-3";"0";"=89i'Se53W";"0";"-4";"-5";"0";"-I|t|dZ""Aj"
"-5";"-2";"0";"0";"5";"-3";"-2";"4";"-2";"}9,'FUrU^C";"-2";"1";"1";"4";"}+bC#}YO6`"
"-4";"1";"-2";"2";"-1";"-2";"4";"1";"0";"ZT2kq9H?>}";"2";"-3";"-2";"1";"N>s{QJ?uiG"
"-5";"1";"-4";"-4";"-3";"-4";"4";"2";"3";"{vQv\""#>N*";"4";"-4";"0";"-5";"zv(<`v#M_="
"2";"0";"-3";"3";"0";"-5";"4";"-3";"2";"oiB]4K*L!D";"-5";"4";"0";"-2";"!TfzC{b!'/"
"0";"5";"1";"-2";"-3";"1";"4";"1";"-2";"{%#+*_\C!r";"5";"-2";"1";"-1";"_l=&Ikkky-"
"-1";"3";"-4";"-2";"-5";"-3";"5";"0";"0";"0!$4{m:%og";"-5";"0";"-3";"-5";"?""l3lRi1>"""
"3";"-5";"1";"0";"2";"-5";"0";"-5";"-5";"aohF)6l%\o";"-1";"-3";"4";"-5";"{W/&sPZjC["
"-2";"0";"-3";"2";"5";"-1";"4";"0";"4";")%..""3<g[L";"5";"0";"-2";"3";"NoeUz$qsde"
"4";"5";"2";"-1";"-5";"0";"-1";"-3";"-3";"FuZ'?e<h]^";"4";"4";"2";"4";"VvH""ajRyT"""
"4";"-3";"-1";"1";"-2";"2";"5";"-1";"2";"jUkX{kyfqB";"-2";"-2";"0";"0";"lQiat""1HdU"
"-4";"2";"0";"-1";"-1";"2";"2";"-2";"2";"?AD=:xHemw";"-4";"4";"-5";"-4";"*|QantM%1$"
"1";"5";"3";"1";"2";"-1";"5";"-2";"4";"7Y{pLM.ve6";"-3";"5";"-1";"0";"LRgH*6WUWi"
"-3";"-3";"5";"4";"-1";"-1";"3";"2";"-2";"$?YKAcK5E1";"5";"5";"3";"-5";"g1gNG>e5{+"
"2";"-1";"4";"-4";"-2";"4";"2";"-2";"0";"G'oQ<htf5D";"5";"0";"-4";"-3";"V)rojv*1*o"
"5";"0";"-5";"3";"0";"-3";"-5";"-2";"-4";"xp@%[-\6v:";"2";"-3";"4";"-5";"6Vvq=%qfJ."
"-5";"-4";"0";"-4";"-3";"3";"2";"0";"-5";"cC3s)J5J`U";"-3";"4";"0";"-2";"{Pj""`)xya'"
"0";"3";"-5";"0";"5";"1";"5";"-1";"0";"96Dp^d%s!`";"2";"4";"1";"-2";"_'""=f3r&`<"
"5";"2";"-5";"-3";"4";"0";"3";"-1";"5";"4ydm-as!NY";"-2";"4";"5";"4";"]Q*o2crUCJ"
"-5";"-4";"5";"-3";"3";"-1";"-2";"4";"0";")5)wN%rmhE";"0";"0";"-5";"5";"^66dn7#i{|"
"3";"-2";"3";"5";"-1";"0";"4";"3";"2";"1v$M?^2BlC";"-4";"-2";"3";"0";"Q*juWMa+3,"
"0";"-2";"0";"-3";"1";"2";"-2";"-1";"-4";"'9CSHq<fLK";"2";"1";"0";"0";"9hLtEUETe."
"1";"-3";"-1";"0";"5";"3";"-5";"0";"-2";":)9LEKYWN""";"-3";"4";"5";"4";"6]bDt`)b+e"
"3";"-2";"2";"1";"3";"-4";"3";"0";"0";";h\ccB}^|&";"-2";"0";"2";"1";"#Sy^>dxsVS"
"-3";"-1";"-3";"-2";"2";"4";"-5";"2";"-3";"UvF`.&41m?";"5";"3";"0";"0";"YH2pg9O%1c"
"1";"3";"5";"1";"-2";"-2";"3";"1";"-4";"c+Xg]q]qd(";"5";"5";"-4";"-4";"BY$<2lrLax"
"-5";"-2";"-2";"-3";"0";"-4";"2";"3";"4";"aiwO5}Rs7*";"-5";"-5";"-1";"-3";"R$f""qnm$.}"
"1";"-2";"0";"-5";"4";"-3";"1";"-5";"-4";"JA8jESqDV$";"-3";"0";"-2";"0";"OCptBp5knS"
"-5";"-1";"0";"-5";"3";"2";"3";"2";"4";"JEE[L@\""#K";"-3";"-2";"-3";"2";"8ZuO?&xBb3"
"-3";"-5";"1";"0";"0";"-4";"-5";"-1";"0";"^`96z,_&</";"4";"1";"0";"0";"{yvz{-l7?n"
"5";"-3";"3";"1";"-3";"-4";"2";"0";"0";">!*!TG>5Kf";"-3";"4";"-4";"2";"%(#[qFz+""L"
"3";"-3";"4";"-1";"4";"5";"0";"3";"4";"i1Wl=+?)@u";"4";"5";"-4";"5";"Sboao>ewsQ"
"-3";"0";"-2";"-5";"5";"4";"-2";"-5";"-3";"mUI9;|lHaZ";"2";"-1";"-5";"4";",1iQn}r,VL"
"-1";"-4";"2";"-5";"3";"4";"0";"5";"-1";"<^nj8+\lPX";"-2";"1";"0";"0";"miq<#YJCCa"
"2";"-5";"-1";"1";"-2";"5";"-3";"4";"5";"JRtCWLZ-)'";"-3";"-3";"-1";"0";"LgI?_*C""WA"
"1";"-2";"3";"-2";"-5";"2";"-4";"0";"0";"6^4g6vS^?Q";"2";"-3";"3";"-4";":!|?Z1L%06"
"0";"1";"-2";"5";"4";"5";"4";"-3";"-1";"UYG^K'@%g0";"1";"5";"1";"-5";".6Z]^\MqOk"
"-2";"0";"-2";"3";"0";"0";"2";"-4";"2";"n5n.qFOI0U";"5";"3";"-4";"0";"lkD+<,8uUm"
"2";"-1";"0";"-1";"5";"-5";"-1";"1";"0";"^G""KL7yMlO";"0";"0";"0";"5";"V"">;v}WL`a"
"-1";"5";"-2";"5";"1";"-3";"-4";"0";"2";"({.#5Dum)^";"-5";"-4";"1";"-3";"ZyG#uv:SG]"
"-2";"1";"3";"0";"3";"-2";"-2";"-1";"-5";"6cxJbi54#|";"3";"3";"0";"-4";"Ez<'Ij4My4"
"5";"-1";"-4";"3";"1";"4";"-4";"4";"4";"GdO&TY<pQ1";"-1";"-4";"-5";"2";"z1\8u,QU*#"
"0";"0";"4";"3";"3";"0";"1";"2";"0";"{:9-D:0pM3";"-1";"1";"-5";"4";"9rZa$t>V|n"
"-1";"4";"0";"-4";"-3";"4";"2";"2";"0";"}oU!Z[C+fP";"-2";"-4";"-5";"2";")Y#=L{U)O#"
"-1";"2";"4";"3";"0";"4";"2";"-3";"0";"D3Ma6f7j}t";"-5";"-2";"5";"3";"PT,G.UO6Ty"
"-3";"3";"2";"0";"-1";"2";"0";"-1";"3";">mUKY%?gU^";"1";"-3";"-1";"4";"N}%f&('U\j"
"4";"1";"-1";"2";"4";"4";"4";"5";"-5";"Sg?#:|O[n@";"0";"-3";"0";"5";"B8J^bJCC!?"
"2";"-3";"-5";"0";"-5";"2";"-3";"0";"-2";"@f'FKDvn-(";"-2";"3";"-1";"3";"la;imHFFRc"
"-4";"-5";"-4";"-2";"-4";"0";"5";"0";"-1";",m:1Gx)%8'";"4";"-2";"-3";"4";"{c5_Fllvb;"
"-3";"0";"-1";"-4";"2";"3";"-5";"-1";"-5";"`L^u&I|&fn";"-4";"3";"-5";"5";"9y3179!nYC"
"4";"5";"5";"5";"4";"3";"1";"2";"-5";"*\>AT.$D2)";"-3";"2";"3";"-3";"?77p<fXye7"
"3";"-5";"-5";"1";"-4";"2";"-2";"-5";"2";"}zS&WKxkO@";"4";"4";"3";"1";"Nog`""!.#pu"
"-2";"3";"-1";"0";"-4";"4";"4";"0";"0";"\Sxwp+wLiK";"0";"0";"-2";"3";"mB`r03f>G*"
"-4";"3";"3";"-5";"5";"4";"1";"0";"-5";"CI8t@vq]+b";"3";"-4";"-3";"4";"""jIR:2/6_p"
"1";"1";"5";"2";"5";"2";"-4";"-2";"-3";"9<+yq,oR$B";"1";"-5";"3";"0";"#w(zWPJ68V"
"2";"2";"5";"-4";"0";"5";"-4";"-3";"3";"_5:a>Szh?|";"3";"-3";"-3";"-1";"CC2EuqE|m+"
"3";"-2";"-4";"-3";"3";"4";"4";"1";"-5";"=4(l8t6z@m";"0";"3";"5";"1";"P9h..dS'lf"
"-2";"1";"-2";"3";"-2";"-1";"-3";"0";"0";"Qf`Qc!qjDo";"-5";"2";"4";"-2";"`%9z@F^B^w"
"0";"4";"1";"5";"0";"2";"-3";"0";"2";"wio=Job6:N";"0";"-3";"2";"-2";"1+/PGb8.1!"
"-1";"0";"1";"0";"-1";"1";"5";"-4";"-1";"GS%SO""SRQE";"1";"-4";"0";"-4";"j""uS3d^3aU"
"3";"0";"0";"0";"1";"-5";"1";"5";"0";"lq|Jb|,?V,";"4";"2";"3";"3";"v""-CSI4`KN"
"-1";"1";"-1";"3";"-3";"2";"2";"-4";"0";"BcQ&7>e-Us";"-4";"0";"5";"5";"uV_Vr.?z_c"
"0";"-5";"0";"-4";"-4";"-5";"-2";"4";"2";".z!D_//GFd";"-1";"0";"-3";"-3";"=3[W4H4'0N"
"-4";"-1";"-4";"5";"3";"-5";"4";"5";"-2";"q<B%%'(]eA";"-1";"-1";"-4";"1";"0UMp+s=spi"
"-5";"3";"-3";"-3";"4";"3";"5";"4";"-4";"KQDo4`hbb-";"0";"0";"-5";"3";"qULsG3:1?1"
"3";"3";"2";"4";"4";"0";"0";"0";"-2";"gzqQ4:n""=S";"-2";"-3";"3";"3";":(R0MCHQ$O"
"-2";"-3";"-5";"-5";"0";"0";"3";"0";"0";"i1xGV8Q5L3";"0";"4";"1";"-5";"TIfxuR2>cW"
"0";"1";"-4";"4";"3";"-2";"5";"1";"-1";"EbhZS15(M<";"-3";"1";"-3";"-3";"[4m9:G0,zI"
"-5";"3";"0";"4";"0";"-2";"-1";"0";"1";"e}2)uSK?0-";"3";"0";"4";"-2";"rwB/P1Key$"
"0";"-1";"-1";"0";"4";"2";"1";"-2";"-5";"v6/CGHk9Q/";"3";"-2";"3";"0";"Ir8n-DNq7]"
"0";"1";"2";"0";"4";"2";"5";"-4";"2";"2pw<C+14H]";"0";"-1";"0";"-3";"Vk}9`'vd6w"
"2";"4";"2";"2";"0";"2";"0";"4";"0";"3<S@Nw_%@""";"-2";"-4";"-2";"0";"OM${g}wvYQ"
"-3";"-5";"-3";"2";"-2";"2";"0";"5";"-5";"K\s;N%Sa>%";"-4";"-5";"-4";"1";"j,EQ!Y\p3#"
"-4";"-3";"-5";"5";"-2";"1";"1";"-3";"2";"x15gF1gamB";"2";"5";"0";"1";"+wFTwQQY=l"
"4";"5";"3";"3";"3";"0";"3";"0";"5";"4MlrtZl<$0";"-2";"5";"-1";"-3";"Ufbd;M""G?-"
"4";"-4";"0";"0";"4";"4";"3";"-5";"-4";"]g\?:UQN^@";"1";"-5";"2";"1";"U2w[E}P5W?"
"4";"2";"0";"-5";"0";"3";"-3";"-4";"-1";">u{}oyeJ-m";"1";"-2";"1";"-3";"ccAwjecX*S"
"4";"4";"3";"5";"4";"-4";"-2";"-5";"-3";"`gwRrFmc}@";"5";"5";"2";"-5";"#Y2cWr&knB"
"2";"-2";"1";"3";"-1";"1";"5";"2";"4";"LKQ|/$)3Ze";"1";"3";"1";"4";"V7d29k5ly8"
"-4";"5";"2";"5";"4";"-3";"4";"-4";"3";"%\}FXGFe#K";"-2";"4";"0";"5";"*bIjl/@-QV"
"-3";"-5";"0";"-5";"0";"0";"0";"-4";"0";"VSjUo3bvxT";"-3";"-1";"2";"-2";"]SI0-)2`lU"
"-3";"0";"5";"2";"-5";"3";"3";"-4";"2";"^_dcYVT4A}";"3";"-5";"-3";"0";"gT4Oiu:j2$"
"-4";"-2";"0";"0";"5";"1";"1";"0";"-2";".<,yp+]mkD";"-3";"1";"-3";"-1";"ctfd`[8O0q"
"1";"-3";"3";"-3";"-4";"0";"2";"0";"-5";"':Gr.2'||b";"-3";"0";"5";"1";"@X#[T_zm&k"
"2";"0";"0";"-1";"-3";"5";"-1";"0";"-3";"#q:6L-#FBH";"1";"-3";"3";"5";"6G`P""8l^I="
"-4";"2";"-4";"2";"0";"0";"-5";"1";"5";"o38xC!qRB'";"3";"2";"5";"0";"vV`\9\.YB`"
"-2";"0";"-4";"-5";"2";"-4";"2";"-3";"-4";"P%^,W,q.hC";"1";"0";"5";"-2";"$pw8%09pGu"
"1";"-1";"0";"-4";"4";"-3";"0";"-4";"5";"-;zW"".+fl;";"-4";"2";"3";"3";"g;)]?N9Yzj"
"2";"0";"-5";"-4";"1";"-4";"-2";"-5";"-3";"2d7tb&-.(b";"2";"1";"1";"4";"l9i|^Q{f>?"
"-5";"-5";"-1";"1";"0";"3";"4";"-2";"0";":'6P|a9<H8";"-1";"1";"3";"1";"OiOpnU[/g^"
"2";"-3";"-1";"5";"-5";"-1";"-1";"2";"4";"xW%F`]&]^4";"5";"-5";"4";"3";",^06xwTLp/"
"2";"5";"3";"-5";"-5";"-4";"5";"1";"-2";"EE:IhV68SB";"0";"0";"0";"-4";"*|QskdySiY"
"3";"-2";"0";"-1";"-1";"3";"1";"-1";"1";"X-La}j6V,Z";"-4";"3";"-1";"3";"\bj>&2oY&F"
"-5";"2";"-5";"2";"0";"-4";"-3";"-2";"-1";"th5@3wDosZ";"4";"-4";"-2";"4";"LK%MWOC.;V"
"-1";"-5";"-1";"-4";"0";"4";"4";"-5";"-1";"0gCvff+XOW";"0";"3";"0";"5";"ON%x,gWF>?"
"5";"3";"-1";"5";"-4";"-2";"3";"-5";"3";"K+?SuK,Vhn";"-2";"-3";"-4";"-4";"ww""ApsA1?*"
"-5";"-5";"5";"0";"-1";"-1";"3";"4";"-2";")""Up'7FN=Y";"3";"1";"3";"1";"'yfwV8!5p'"
"-5";"5";"-2";"1";"0";"5";"-3";"2";"0";"4;(TaUq<pe";"-2";"4";"1";"-3";"c:Y}!E(=PE"
"-2";"0";"-1";"-3";"3";"5";"1";"5";"4";"}'Qrk}9RX""";"0";"-5";"4";"1";"1l`1`m}e,0"
"1";"-3";"-3";"-2";"1";"-1";"-4";"-2";"-3";"&eZCI{u)j_";"0";"1";"2";"0";"&e5}p)Daq["
"0";"3";"-4";"2";"1";"0";"3";"-4";"3";"St[=tMSI).";"-5";"3";"1";"0";"oM{U?Q'TwU"
"0";"5";"-1";"-1";"-1";"4";"-2";"4";"2";"KXHd/Ew!FM";"-2";"-4";"1";"-3";"FJ=)?KyQ|Y"
"5";"4";"0";"-3";"1";"-5";"-4";"-2";"-1";"S`.;Q-::#y";"-5";"3";"-2";"-1";"L7jXpUvzVe"
"-5";"-4";"-4";"2";"-5";"-1";"0";"2";"-3";"|fYbF01k4Z";"1";"0";"-2";"2";",@3RD,}RrE"
"-1";"-2";"-2";"1";"-4";"-2";"2";"2";"-1";"!w2p{d.nof";"4";"3";"5";"-1";"?oU*maLrIB"
"4";"-1";"0";"2";"5";"-2";"-2";"3";"0";"v2RVw<&"">k";"3";"-5";"0";"3";"<yB+)o])T|"
"4";"3";"-1";"3";"4";"0";"2";"-2";"2";"v#+S3gF{Q1";"-4";"5";"5";"2";"RP4s7W|ZYC"
"0";"-3";"-2";"-4";"0";"-2";"0";"1";"0";"?PplN""K&kb";"3";"-2";"-3";"-3";"Y_'YUV9M)?"
"-4";"2";"0";"1";"0";"5";"-3";"-1";"1";"Im?`'-n.`h";"4";"-2";"4";"-3";"b_K&Q]p5;h"
"-2";"-4";"3";"-2";"-5";"-2";"4";"-4";"3";"m8S(PyW](O";"-5";"-1";"-5";"0";"n}@7r.&OsT"
"-5";"-1";"1";"5";"5";"5";"-2";"-1";"3";"yuY&{L;,O7";"1";"-2";"3";"1";"j9^{t89:_s"
"4";"4";"0";"1";"0";"-3";"1";"1";"-5";"JGNw)&{zXn";"-3";"5";"-5";"0";"rZP{.!;]$3"
"2";"5";"-1";"2";"-4";"1";"-1";"-3";"2";"GUR?B5_kj?";"-5";"-1";"-4";"-1";"Aq=Bgx}2Wc"
"2";"0";"0";"-4";"2";"0";"3";"2";"4";"kNSUx:?LE@";"0";"1";"-4";"-2";"]L$Ww/:r6a"
"5";"3";"1";"0";"1";"2";"-4";"3";"-5";"h8CE830OJ?";"-2";"4";"-3";"-4";"6qgZ13w?//"
"4";"3";"-1";"-5";"-4";"0";"-5";"4";"-4";"q]*e?`/9Dd";"5";"-3";"-2";"-1";"PEvYU#Itok"
"-5";"4";"5";"-5";"2";"2";"0";"-3";"-2";"0uVz)`etd2";"0";"-3";"-4";"0";"4kznkRdEo-"
"0";"-2";"0";"2";"-2";"-3";"-4";"4";"-3";";`F8z%`^h'";"-2";"0";"5";"5";"g]_gux+F./"
"-1";"4";"4";"2";"-5";"5";"-4";"2";"1";"st$5(_Tq*W";"5";"-2";"-4";"4";"C7jjbO)5v$"
"0";"3";"-2";"5";"-1";"2";"5";"0";"-3";"Uwyj6DBV-(";"-5";"2";"-1";"5";"hQ<t=X.!$f"
"-4";"0";"-5";"5";"3";"-2";"0";"-3";"-5";"KH3Lvy!asc";"4";"-5";"1";"-4";"TA;%X3BEEe"
"5";"1";"-5";"3";"-5";"0";"1";"4";"-1";"3u}^k^hm'!";"1";"0";"3";"-4";"MTs+<\>oMm"
"2";"-3";"-4";"3";"4";"0";"-4";"4";"-1";"HL*$Z&t5JG";"-5";"-1";"1";"-1";"T+P4IHNW_\"
"-1";"-1";"0";"3";"1";"-5";"0";"5";"1";"eF"".At^H`G";"2";"5";"4";"5";"7zt&EQvY-*"
"4";"5";"-4";"-5";"0";"5";"-5";"0";"0";"}u>_ci""/aU";"3";"5";"-3";"5";"r5NMiNb3cz"
"0";"1";"0";"1";"1";"-5";"-4";"-5";"2";"n""0dlxaI]Z";"2";"-5";"-2";"0";"RF{dl]^?8i"
"-2";"-4";"0";"0";"3";"-3";"4";"0";"-2";"Uv{=+VOv?{";"-5";"-4";"-2";"-5";"<:X4svf13)"
"-2";"0";"4";"1";"0";"4";"-5";"5";"2";"`WfDyzb+<N";"-5";"1";"-3";"5";"d]iL0{F^r8"
"0";"-3";"0";"-5";"0";"0";"0";"-5";"4";"[6IT#RJB9A";"5";"2";"5";"0";"yK8j[mwg>g"
"3";"2";"-2";"5";"-1";"1";"2";"-2";"-1";"i9n7rAHlnM";"-3";"0";"4";"0";"]?-|m1=e`K"
"-5";"-5";"-4";"-3";"-5";"4";"4";"0";"2";"7_RU7f43=2";"3";"-4";"1";"-4";"&Ymq|L3]^i"
"0";"3";"4";"5";"-1";"-1";"-1";"-1";"0";"o1&=v\-uB*";"-2";"-3";"-3";"0";"9(Yi<A2>DB"
"-2";"-3";"-3";"5";"3";"1";"0";"1";"-4";"C1PD<+k|y<";"-1";"1";"5";"-5";"/JPY=Sp4lV"
"0";"-2";"-2";"4";"3";"3";"4";"-3";"5";"p>[}A0Y6}K";"-5";"-4";"1";"-2";"G0}OitS0%k"
"-5";"2";"0";"0";"-3";"1";"5";"0";"3";"3V+f>8`Z#,";"5";"-4";"-4";"-4";"V^y1eVF_>/"
"1";"0";"4";"3";"-5";"2";"-3";"-2";"0";"`*5o@#.zkb";"3";"0";"-5";"5";"',{M@3<1><"
"-3";"2";"-1";"-3";"2";"-3";"4";"-3";"-1";"I+wCjnp9[Z";"-3";"3";"4";"0";"SuZrlb@*cD"
"1";"-2";"4";"-1";"4";"5";"-2";"5";"-1";"SX0<p?([:t";"-4";"-2";"0";"-4";"-#Uu`cGJ$h"
"3";"3";"-5";"-3";"2";"3";"1";"-4";"-3";"Sgv@ge*c8E";"-1";"2";"0";"0";"OT!<$v|kd@"
"0";"-2";"-1";"1";"3";"-1";"5";"-4";"0";"qwsFqsjHiC";"3";"5";"2";"0";"_6SJD+#(1*"
"4";"1";"-3";"-2";"3";"-3";"0";"2";"-5";"\GZL!_%`9p";"-3";"-1";"5";"-2";"Ih#kum{v.}"
"-2";"2";"0";"1";"0";"0";"1";"0";"-1";"Tf-Igca*{2";"-3";"3";"2";"5";"}wL@lJ=D$f"
"-1";"3";"0";"-5";"-2";"-3";"0";"-4";"1";"cRJo""Vf/<w";"4";"-3";"-4";"0";"qln+?12%Kb"
"-1";"-1";"-5";"-4";"4";"5";"-4";"4";"2";"%Fq>a|HrH&";"4";"3";"-5";"0";"IL,RJ)VviM"
"-5";"2";"-5";"-2";"5";"-4";"2";"0";"5";"k^N4:FqK\.";"0";"-5";"3";"-2";"xK-ZY""us>q"
"5";"-2";"-1";"-1";"0";"4";"-5";"-3";"-1";":.J5$h(Gp8";"3";"-3";"3";"3";":w:]sje^!X"
"2";"1";"0";"0";"-4";"3";"0";"-3";"2";"||L3yP,ubI";"-4";"-1";"4";"-2";"qVRb,H'S:T"
"0";"2";"-1";"4";"0";"1";"1";"2";"0";"P[XPK0oF?\";"4";"4";"0";"1";"a5w@m6k@s0"
"-4";"2";"4";"-1";"-1";"1";"1";"1";"-3";"/Oz}p=MaAw";"-3";"4";"-1";"5";"{pPeHMj`U9"
"-2";"-5";"1";"5";"5";"-4";"5";"0";"-5";")+/KLJr5Cs";"2";"0";"2";"0";"8%HgG'@V(/"
"-5";"3";"2";"-1";"-4";"-2";"5";"-3";"-1";"yARCR.@7aB";"4";"-1";"-4";"-2";"R,""<9G#WG"""
"-4";"1";"-4";"-4";"5";"3";"0";"0";"-2";"s""K^*l2qTo";"0";"1";"-3";"-1";"rPx5U[Nvcb"
"2";"-3";"0";"4";"2";"-1";"-5";"0";"-4";"^Q?lUYm7En";"4";"5";"-1";"3";"vM<1bB2Bov"
"-4";"0";"-2";"3";"-1";"-3";"5";"3";"1";"*&9^(QsQ'A";"-4";"2";"3";"-5";"<4y>A[&hZI"
"1";"-3";"2";"3";"0";"3";"3";"3";"-4";"]ePKS8i0/a";"2";"4";"0";"0";"tYJFF`y)#P"
"4";"-3";"-5";"0";"3";"4";"-1";"-1";"-4";"quQy7F-[,j";"4";"5";"-1";"1";"i.$vG?\,""1"
"2";"-5";"-2";"-5";"5";"-1";"5";"1";"0";"/s8:X'dB_a";"1";"-5";"2";"1";"iC`{;Y^5na"
"4";"0";"1";"4";"5";"1";"1";"4";"5";"F@|ofaLx8j";"-4";"5";"3";"-4";"}JAC]*a`ce"
"4";"-5";"-4";"4";"3";"4";"-3";"-2";"-3";"9>DI#h.=^f";"0";"-1";"-2";"-4";"PB^c3RhN/="
"0";"0";"-2";"0";"5";"-2";"3";"-4";"-4";">j5^h@>FR{";"-5";"-3";"-1";"5";"vlv$z`5Cp5"
"-1";"-1";"5";"2";"0";"1";"4";"3";"2";"|X(-i[D6Lg";"-1";"2";"-4";"-2";"jfw}FL}RMS"
"1";"5";"0";"0";"4";"4";"-3";"-4";"-2";"Z\`%ge=-|,";"1";"-4";"0";"-3";"f|21L:+1d0"
"-3";"0";"-3";"-3";"3";"1";"-2";"-4";"-1";"cS%|@<QD6>";"-3";"0";"0";"5";"'JAAxOUE@i"
"-1";"-2";"-1";"0";"-4";"-5";"1";"2";"-5";"<U$T&:)+(E";"3";"-3";"1";"2";"6N7$0^u3f["
"-3";"-4";"1";"-1";"-3";"5";"2";"-3";"1";"BklR>[X:P(";"1";"2";"0";"-1";"oFP[XfjDFv"
"-4";"-3";"-2";"-1";"-2";"0";"-5";"5";"-2";"PQ&""JCdrrs";"0";"3";"-2";"5";"XF]qO+G09N"
"2";"5";"-2";"-2";"0";"5";"0";"-5";"-5";"V;2*a6-6zo";"0";"2";"2";"-4";"}<>W}z!/2&"
"2";"-4";"0";"-1";"-2";"1";"-1";"-2";"4";"K_YhQ:bYnm";"0";"-4";"-3";"5";"R_0o0e:BA["
"3";"-3";"-3";"-1";"-2";"3";"4";"-3";"5";"|U#ouu\u-;";"-1";"-3";"4";"0";"jP<BV[3kGt"
"-1";"0";"-4";"-2";"5";"-3";"-4";"1";"0";"#P@?k1I>VT";"5";"-2";"4";"3";"/*@`XbM<6<"
"-4";"1";"2";"3";"-3";"3";"-5";"-3";"-2";"?8a%g6vm&@";"1";"3";"5";"0";"/j]_}W1AB*"
"0";"-5";"-5";"3";"-3";"5";"0";"-2";"2";"1DB+A(Oa*<";"1";"-1";"0";"0";"f`[F-XpGNu"
"0";"0";"-5";"5";"-3";"0";"5";"4";"2";"t3Kx'3=N'5";"0";"-4";"0";"0";"])*8K7/QU1"
"0";"4";"1";"-5";"0";"1";"2";"3";"0";"nJ""_GP.)O?";"-4";"3";"2";"-5";"^pb'oKL*\4"
"2";"-4";"2";"2";"-5";"3";"-4";"-3";"-4";"gwes\>B/()";"5";"3";"0";"4";"m-m6_NESA%"
"4";"-3";"-1";"0";"1";"-2";"4";"4";"1";":EA4@}xN)T";"0";"3";"-1";"2";"S?+'""JZTre"
"2";"-5";"0";"-3";"5";"-5";"-2";"-2";"-4";":""Q.9.UhI)";"-3";"-4";"1";"2";"bM{A,x`}_c"
"5";"4";"4";"1";"0";"2";"4";"2";"0";"hh^|A[*l#(";"1";"2";"-5";"2";"""dOvt}zOe."
"-4";"4";"5";"4";"-3";"3";"-4";"3";"0";"=xUc[@F+X*";"4";"-2";"-5";"-4";"WP)t}IHJ5G"
"-1";"-2";"3";"-1";"1";"2";"0";"-4";"3";",8'vqo+YV:";"5";"-4";"-3";"0";"[Wsv]EHzQf"
"-5";"-5";"-3";"0";"2";"-4";"-3";"-5";"-1";"TUPac32}LA";"0";"1";"2";"-2";"GaZ0P""P`gq"
"1";"-1";"-2";"3";"-2";"-3";"-4";"4";"-2";"yE$D}bUv6x";"1";"0";"-3";"2";"o3<hUIw[4U"
"3";"-4";"0";"-5";"5";"-3";"1";"3";"5";"<qm\3J+H\U";"4";"-4";"5";"-2";"""XU4?^KVx<"
"-5";"0";"-5";"-1";"5";"4";"-1";"0";"4";"!e2J*-g'_K";"4";"-3";"-2";"3";"j""4H6--HsJ"
"2";"0";"2";"-4";"0";"0";"1";"0";"4";",EsjZ=o<;{";"-2";"-5";"4";"-3";"-`{nB6r&Bz"
"-3";"1";"-4";"1";"5";"3";"-2";"5";"-5";"#E*@4XRP-p";"4";"-4";"0";"-5";"<O]q`^s3tH"
"-2";"0";"2";"3";"-4";"-4";"-3";"3";"1";"UHJ>?gqx?:";"-4";"4";"4";"-1";"4En{Vu-U8d"
"-3";"0";"-2";"1";"-5";"1";"-5";"-4";"-3";"evE'nfm6Dl";"2";"1";"3";"-4";">K/^$gK3Wd"
"-3";"3";"-5";"4";"-3";"2";"2";"-5";"-2";"v,J*$De(vA";"-3";"-2";"5";"5";"J=SD90?mnn"
"5";"-3";"0";"0";"-4";"-1";"4";"5";"4";"8!Q8%RJP(K";"2";"1";"0";"4";"jb}vRp%p4a"
"1";"0";"0";"-5";"-3";"-1";"2";"4";"-2";"-a[Kf=`FF>";"-4";"2";"-5";"-5";"SSV4|ic7<k"
"-4";"2";"-2";"4";"0";"3";"4";"-1";"3";";DHpdCyRG_";"5";"3";"0";"0";"vXG$u'dJu="
"5";"-4";"-5";"-3";"1";"0";"-3";"1";"-5";"Z@bNC}ze'@";"-4";"5";"-2";"5";"J=NQV^J(C9"
"3";"0";"-3";"-4";"3";"0";"-4";"-3";"-3";"dTU9[M&8aO";"3";"2";"-4";"5";"}17H?SCc^m"
"-2";"0";"4";"3";"-3";"0";"-3";"0";"-3";"mjnIw!Iv$#";"-2";"1";"-1";"1";"""Y0ej""8e%8"
"-3";"-2";"0";"5";"3";"0";"3";"2";"5";":6d07?;HBb";"-3";"1";"0";"3";"aa\YYg*yJB"
"-4";"-3";"0";"2";"-5";"1";"5";"2";"-1";"lU{A+&[[SV";"-2";"-2";"5";"0";"wdz;Y&+%Uq"
"1";"3";"-1";"4";"-5";"1";"0";"4";"-2";">q#G95%(/7";"-1";"2";"0";"3";"_[z`8B.Fb:"
"-3";"-1";"2";"4";"0";"3";"-3";"1";"3";"3qKd3RHL4]";"-4";"-2";"-2";"4";"rkBsI`sKE="
"-4";"5";"3";"-2";"-3";"-3";"0";"-3";"-5";"!>?GV5Ua;(";"0";"3";"5";"1";"qv/1[`m\xA"
"-3";"-3";"5";"-2";"-1";"4";"-4";"1";"-5";"DMp-]WDoCw";"0";"0";"4";"-2";"ymWcbe/f$u"
"5";"1";"3";"5";"-4";"5";"-4";"3";"3";"dEaX{rC3:6";"3";"0";"-3";"5";"{#Ug_(&LZJ"
"-2";"1";"0";"-4";"-3";"-5";"4";"-3";"0";"XQCuHIDgNe";"-4";"-2";"4";"0";"rVw:;KDH|"""
"-1";"-4";"4";"1";"0";"0";"-5";"1";"-4";"kZ$J'oh>m^";"-5";"-2";"0";"-2";"KFSt!+mG(1"
"3";"4";"4";"-4";"1";"-2";"-1";"-5";"1";"tssP5w#@W;";"3";"0";"0";"3";"gmo^I0+auI"
"-5";"-5";"-3";"-2";"4";"4";"5";"-4";"5";"]{H;[J@vaO";"-3";"-4";"5";"-3";"(sR\y?REv:"
"0";"0";"-4";"-3";"2";"1";"1";"4";"0";"e06[:(aa$A";"5";"0";"2";"-5";"}Jk5}c6cSO"
"-4";"2";"-2";"4";"-3";"1";"5";"-1";"-1";"8XDZc4cipR";"0";"-5";"-2";"-5";"EGR@x@?SI*"
"-1";"0";"-5";"0";"2";"-2";"3";"-5";"-5";"5J0cxDV8hu";"1";"2";"-2";"0";"<4CvYVZs`#"
"1";"3";"4";"-2";"1";"-2";"-4";"4";"3";"dKp8u$#4;Y";"0";"-2";"3";"3";"&kqc'^=2!T"
"0";"1";"3";"4";"-5";"3";"0";"-1";"-1";"Px`wbK>&%W";"1";"5";"0";"5";"!Y0n%rG)f}"
"5";"0";"0";"1";"2";"0";"-5";"1";"-2";"?[Ta:`;-[4";"-2";"-1";"-2";"1";"I3SI(3<H)K"
"3";"0";"-5";"0";"5";"-4";"-2";"-2";"0";"\1:425LM/$";"3";"4";"-4";"4";"oZ""q_#X<%\"
"0";"1";"3";"-2";"-4";"0";"-4";"-2";"0";"<^]%dMZ4dB";"-5";"1";"0";"-5";"@CS;-=9YWG"
"-4";"0";"-5";"0";"2";"-4";"5";"4";"0";"w!!P:9}G>6";"2";"3";"-4";"5";"#/nkEHw7Yx"
"-3";"4";"4";"3";"-3";"-5";"5";"4";"-4";")G}(KbV=DH";"0";"0";"-3";"5";"zZ*Pr>S.r<"
"3";"0";"-2";"-2";"0";"3";"-1";"5";"0";"'2caOb*L74";"4";"0";"1";"5";"ii`e`*3S}!"
"3";"-3";"-1";"-4";"-1";"4";"2";"-1";"-4";"oMNFPD5{g]";"-4";"1";"-3";"2";"du;)*B+L`q"
"1";"-5";"1";"0";"-2";"2";"-2";"2";"2";"lonD^)I$;$";"-4";"-3";"5";"0";"q}$k{(-tar"
"-4";"0";"4";"4";"-5";"2";"0";"-5";"-1";"dpL}ABsq&A";"0";"2";"-5";"4";"bzSa+""x:R'"
"0";"-2";"-3";"5";"0";"2";"1";"-4";"-1";"{zZ@fJ4vXH";"-1";"0";"1";"-3";"?hHA3C{+.T"
"5";"0";"1";"1";"-1";"2";"4";"3";"-4";")$bsS<;n2p";"0";"1";"0";"-3";"/!\,vA)8ow"
"5";"3";"1";"-3";"0";"4";"-4";"-4";"4";"$V/lxLCck`";"-2";"-3";"-2";"-2";"nqKrUd\RCl"
"-1";"2";"0";"-2";"-2";"-5";"-3";"4";"1";"*:1f/+Lnui";"4";"5";"-5";"2";">#*9i\(g^J"
"1";"4";"-4";"0";"-1";"-5";"-1";"3";"1";"QsTs(G[-0&";"1";"5";"2";"-4";"WhK*C4TRnZ"
"-5";"0";"2";"0";"-3";"-3";"-3";"0";"-5";"|VL*4=l:ld";"2";"3";"0";"0";"pg}-@w)\`L"
"-3";"1";"3";"-3";"2";"-4";"-3";"3";"1";"Hea]x@G'(0";"2";"0";"0";"3";">T{wcW2AyT"
"-5";"-5";"0";"2";"-1";"-4";"0";"0";"0";"Jy{GLZ<OJF";"-2";"-2";"-5";"-4";"]_qf+#x([i"
"1";"-5";"-5";"-1";"-1";"0";"-2";"-4";"-4";"<'w-\3X(Z#";"-2";"-3";"0";"-1";"CK)[)R34BW"
"0";"2";"0";"-2";"1";"1";"5";"-5";"-3";"JA97(UqiNj";"0";"-5";"4";"-5";"cdbiV_QmBt"
"-1";"-1";"-4";"4";"0";"2";"-4";"0";"0";").^!@qmRp5";"5";"0";"0";"0";"TJKxs=g=@-"
"-4";"3";"-4";"-1";"1";"2";"0";"-4";"-3";"{u+dFiMGy.";"-1";"3";"2";"4";"UJK)qxp^ic"
"1";"-1";"-3";"2";"-3";"2";"2";"4";"2";"IHCxUdrK{;";"2";"4";"1";"-1";"NW`k+B@it|"
"4";"2";"2";"5";"-1";"0";"-4";"0";"-5";"C\rshb`98=";"-2";"2";"1";"-1";"R0qQZq{k\Y"
"-4";"-3";"5";"3";"0";"0";"-1";"0";"0";"/r&r5/q)iX";"1";"1";"3";"1";"{\Ke/0`=Vy"
"-4";"5";"3";"4";"0";"-1";"-4";"5";"0";"T_KZ,R#|26";"-2";"-5";"-3";"1";"O,}WxxcI$,"
"-4";"1";"-4";"1";"-4";"-5";"1";"0";"2";"!>yh9Rx+!/";"1";"4";"-1";"3";"Y?W?!9r?]U"
"4";"-4";"4";"-4";"5";"-3";"-2";"-5";"3";"+3H@?y4R[C";"0";"4";"2";"-2";"z*:\xa65Rl"
"-2";"-1";"-1";"-1";"3";"0";"-3";"-3";"5";"Nkm-3e-u1B";"-5";"-4";"4";"2";"f}V""mdw<]7"
"0";"3";"3";"2";"3";"-1";"3";"-3";"-2";"WPq@bB\[b|";"3";"0";"4";"-5";"ks>5COy,1V"
"4";"-2";"0";"2";"3";"0";"0";"3";"-2";"""`{xR6i,""'";"-4";"-4";"-3";"4";"eU;Fztooi)"
"-2";"-1";"1";"2";"4";"-1";"2";"0";"0";"a{plvbSuH,";"-1";"0";"0";"-2";"QSa7vEPo.r"
"0";"-1";"-1";"5";"1";"-2";"-2";"2";"-3";"ps)}f*PWy9";"-5";"1";"1";"-5";"rP}FzG&*P9"
"3";"-4";"3";"5";"1";"-1";"2";"-1";"0";"[4UOei&e^+";"3";"0";"-4";"0";"v5T6]d@&C;"
"-5";"-3";"4";"0";"-4";"-2";"-3";"0";"-4";"|wetuY|vI%";"3";"-4";"0";"-2";"az""4&_W{1v"
"4";"-3";"4";"5";"-4";"1";"0";"-2";"0";"5zd^-7kHf(";"2";"4";"-2";"0";"t<>:?Mh1>H"
"0";"5";"-5";"0";"-1";"3";"0";"-2";"1";"[mNg<nXXmp";"4";"0";"0";"-4";"gN>cI@g3p|"
"2";"3";"2";"-2";"-2";"3";"2";"0";"-4";">lwaQebO27";"3";"5";"-5";"0";"wo,}8Rw?cY"
"1";"0";"-3";"4";"0";"4";"-1";"0";"1";"X}WczfnM\)";"-2";"1";"3";"-5";"*:XfF.^e5Q"
"4";"-2";"5";"2";"1";"-3";"0";"3";"0";"B7yXfJ'ISA";"0";"0";"0";"-3";"@_K,io@{Co"
"1";"-3";"4";"-3";"5";"-4";"0";"-5";"3";"/b>xWxsTn&";"-4";"3";"-3";"-1";"|(]Ls]qG4W"
"-3";"2";"5";"-5";"-1";"-2";"1";"-5";"0";"|ZFiG$&,u7";"-1";"-2";"0";"-3";",zuTmW?vF+"
"5";"5";"3";"0";"3";"0";"-4";"-1";"-2";"PM#wdm7x/5";"5";"-2";"0";"-3";"a=cDZ%\_*9"
"0";"1";"-5";"5";"-4";"-4";"0";"-3";"5";"wQXsIbXO0r";"3";"-3";"-5";"-2";"7!M`;vGA4="
"0";"-5";"-3";"2";"-4";"4";"2";"1";"3";"#dYc[=.;Vw";"0";"4";"1";"-4";"bU[L^\aF+/"
"-4";"4";"5";"-3";"2";"-2";"-3";"2";"3";"R,Y[z-#+>H";"-2";"1";"-3";"5";"@>h)5Yq_J1"
"2";"2";"5";"2";"-3";"2";"1";"-3";"3";",{88oxwiP^";"-2";"-1";"-4";"-1";"@zpVntCgK5"
"-1";"-4";"-1";"4";"-2";"1";"-3";"2";"-3";"vf#zw)O_{8";"1";"-2";"-3";"-2";"L%,4&Z]PAx"
"-2";"-1";"-5";"4";"4";"3";"-4";"1";"-5";"lw$IC.xJX5";"-3";"2";"5";"-5";"d#}.p7E{k7"
"-5";"3";"3";"0";"5";"2";"5";"-5";"0";"t&oyYrW{od";"-2";"5";"4";"-5";"JGMS0,iJs6"
"0";"-5";"2";"3";"2";"5";"4";"0";"-4";"|pLfL.Hl/L";"-5";"0";"0";"-4";"'5]Yi`f7<P"
"2";"1";"-4";"2";"-4";"0";"-2";"2";"0";"tMy'R%8""\E";"-5";"-1";"0";"-5";"i3z\Tu>FpX"
"2";"1";"-2";"-3";"0";"0";"-2";"-2";"4";"Ljbe4=Lv@y";"-2";"2";"-2";"-2";"nwe`?j0|LC"
"0";"-5";"0";"1";"1";"4";"-3";"0";"-2";"*]]R@(1eqy";"1";"-1";"0";"-5";"[yBNTCK:'O"
"-2";"3";"-1";"-3";"-2";"-2";"3";"0";"0";"zB9\uR{X36";"0";"-4";"3";"0";"W*P:$c*i""E"
"-5";"3";"0";"1";"-4";"-1";"4";"-5";"-2";"Eelot.Cd\4";"2";"2";"5";"-5";"t13K@e0v9f"
"-5";"0";"0";"3";"4";"-2";"1";"-4";"0";"{NS#DK3dd(";"3";"-3";"-2";"4";"AdmC:POQ>p"
"2";"5";"-3";"5";"-1";"0";"1";"0";"-1";"{bD/]%""QD@";"-4";"0";"-3";"1";"n9}Kz&ctiN"
"-3";"4";"4";"1";"0";"0";"-5";"0";"0";"1CZ'.\?/1)";"5";"-1";"0";"1";"6tOu{G!/I?"
"-5";"-2";"2";"-4";"0";"-3";"-2";"-5";"-4";"=RT0|<x@7d";"5";"1";"5";"0";"_:-dXE&P;R"
"0";"-1";"0";"4";"-2";"-2";"4";"-2";"3";"P(rAe`0u`C";"4";"-3";"4";"4";"TbfGLpQ$&R"
"-1";"2";"5";"-5";"3";"-1";"3";"5";"4";"h(q#P%a&\m";"3";"-2";"-4";"-4";">3`.\;wZiQ"
"1";"2";"2";"-2";"5";"0";"-4";"-4";"-2";"`KbYjj:%so";"5";"4";"0";"2";"{]cWn@u1?i"
"5";"0";"2";"-5";"-5";"-2";"-5";"-5";"0";"k3}F0#=[LR";"-4";"-1";"-5";"1";"O:FTMrXqNy"
"-2";"-5";"-3";"0";"5";"0";"-3";"-2";"3";"Fj&QD|E2N}";"-5";"5";"-1";"0";"RnrP?$^?c)"
"-2";"2";"-1";"-3";"-2";"-3";"0";"-5";"-5";"k@=LF(2a<v";"0";"-1";"4";"-4";"p!Bhn{2VQk"
"-1";"-3";"-4";"4";"-3";"3";"0";"1";"-3";">R&_xF+h{b";"4";"1";"2";"1";"'s1fr1tH+("
"3";"-1";"-5";"-2";"-2";"-3";"-3";"3";"0";"blzFUCl&YP";"3";"-3";"5";"-2";"X*W<n|f8@L"
"1";"-3";"-4";"-2";"4";"-2";"-2";"-4";"-4";"#""o<*\hFbY";"0";"-2";"-3";"5";"No00MV4(OV"
"-4";"-4";"3";"-5";"-4";"-4";"3";"-3";"1";"bah40'0J95";"2";"5";"0";"0";"N\%aM8r,UD"
"0";"1";"0";"-5";"4";"-4";"0";"0";"-4";"p'\YxFXoVC";"0";"0";"3";"5";"ev+DZ;y(5;"
"0";"5";"0";"-3";"-3";"4";"3";"-2";"-3";"K5'}2%CTQ)";"-5";"3";"2";"3";"RM^v:Euv\X"
"-2";"-3";"0";"0";"0";"-4";"-1";"3";"0";"NP!p|`""M-x";"-3";"-2";"-4";"1";"?<:d#R/O3i"
"4";"0";"4";"1";"-4";"-1";"-1";"-5";"-1";"H%KZ=0NU'E";"0";"-3";"0";"5";"o\bJ%J%\z="
"4";"3";"-5";"2";"0";"-3";"0";"5";"0";"KF}LOUb6eN";"0";"5";"1";"5";"x#qm]K3IY6"
"2";"-4";"0";"-1";"-4";"0";"-3";"-3";"4";"5bQ^.3nK%.";"-4";"-2";"-1";"-3";"47R)DcJl]W"
"2";"0";"-1";"-1";"3";"-3";"-2";"-3";"-3";"/99>?p2Kv^";"-5";"-3";"-3";"3";"P+/Dc8uE'4"
"-1";"-4";"1";"4";"0";"-4";"4";"0";"-1";"d?6.$"":%d4";"0";"-5";"2";"0";"xOGuv0BIN@"
"3";"-2";"0";"-1";"-2";"5";"5";"-1";"5";"TbS]VKsGeC";"4";"2";"3";"4";"q.1.LY""on="
"0";"1";"5";"2";"-1";"0";"-4";"3";"-1";"FUxXRnqI%W";"3";"3";"-3";"-3";"J"".hj5i<Ru"
"-4";"0";"-1";"0";"4";"-4";"-1";"0";"-5";":RFe&kH["">";"-5";"5";"2";"2";"\lV_jO-_>("
"-3";"2";"4";"5";"3";"0";"-4";"-5";"2";"*p8^y<S/s=";"3";"0";"-4";"1";"e1`4afDuM)"
"-1";"0";"-3";"-1";"-5";"0";"-3";"1";"-5";"`#'s<:sDQ;";"-3";"2";"3";"-2";"2xXXu}kwL#"
"-5";"-4";"-2";"-4";"-4";"-4";"-4";"-2";"-3";"f*F2j(Q(!#";"0";"0";"-1";"2";"J*wix>LDha"
"1";"3";"4";"1";"-3";"1";"2";"-4";"-4";"[=y'|(1Jgb";"3";"1";"0";"3";"Q""HduX9$4-"
"0";"-2";"1";"5";"0";"-3";"3";"-3";"-3";"M;""Wf0`O'|";"-2";"5";"-4";"3";"WN[UE:Dp<W"
"-3";"-4";"5";"4";"-3";"2";"0";"0";"-3";"Wh9Tq${PV&";"-2";"-1";"1";"-2";"AquI^VNL&L"
"5";"1";"5";"-3";"3";"-3";"4";"4";"-1";"nxP#r!Sg\J";"4";"5";"-1";"-4";"\Lh7lNk)+L"
"0";"1";"-4";"2";"1";"5";"5";"-2";"5";"E)?9{7)k-]";"-4";"-3";"-3";"1";"uirDXlsaEn"
"1";"0";"4";"-4";"1";"-4";"-4";"-3";"-3";"2T(a""Xz.s>";"3";"5";"-2";"-1";"so$p7}H79j"
"-4";"-5";"0";"2";"0";"-4";"0";"5";"-3";"[`y;#).S+T";"1";"5";"-1";"3";"%4vV6EG+Y]"
"1";"-5";"-3";"-5";"-2";"-1";"1";"5";"-3";"OezQeDhF!d";"2";"3";"-5";"0";"6VFo+e1lq'"
"5";"3";"2";"5";"0";"-2";"-1";"1";"1";"yl3p?>8Wa,";"2";"5";"-5";"1";"2pN:)(bE6+"
"-2";"-4";"-3";"5";"5";"3";"-2";"1";"-1";"k*jY`i=Rjk";"4";"5";"4";"1";"lp}}dTlJTX"
"5";"-3";"-2";"2";"4";"3";"-3";"-3";"-4";"Q;PX?Gq:\l";"1";"4";"2";"0";"l!Y&=Z>IYq"
"-1";"0";"3";"-5";"-3";"1";"-3";"-2";"-2";"0Ccj9#RXEI";"3";"-5";"-5";"-5";"dO""hADBHSH"
"5";"-1";"-5";"5";"-5";"4";"1";"0";"-5";"tva""/*cT%=";"-3";"-5";"2";"-5";"V.^qtIw6H)"
"2";"-2";"0";"5";"0";"-4";"2";"-5";"-1";"NtiV.0$mu%";"-4";"5";"-4";"-3";"72K2z(/1{U"
"3";"0";"0";"0";"-3";"3";"4";"0";"4";"gO=p'N0pX/";"-3";"0";"-1";"0";"i=s`F;W&}z"
"4";"0";"-1";"1";"4";"3";"0";"-1";"3";">_.2<,eN$m";"5";"-4";"-4";"0";">H((c^3\w("
"5";"-5";"-2";"5";"-4";"0";"-3";"5";"3";"b4MFLYdx8;";"-5";"5";"-5";"5";"|c(+N$0W8+"
"3";"5";"1";"3";"0";"5";"5";"-1";"3";"A}R""0<Th\)";"3";"-4";"4";"-1";"""OP!*=;}8L"
"0";"-5";"-4";"-1";"3";"0";"-1";"5";"-2";":[S$`FirFy";"3";"0";"-5";"2";"e5iaq^nO`("
"4";"5";"0";"-4";"-4";"4";"1";"0";"4";";vgt&PP?Gq";"2";"-4";"0";"4";"caO""b$=8}]"
"0";"-1";"5";"-1";"-4";"-5";"-2";"-2";"2";"KoCU^WOSf,";"5";"-3";"5";"-4";"(p[|1O!BEX"
"0";"4";"-1";"2";"-3";"-1";"-5";"0";"-5";"_L""-O;rfj:";"-1";"-2";"-2";"-5";"h{""b^6o:V\"
"-4";"-1";"2";"1";"-1";"2";"-5";"-3";"0";"Q[ar1xoA$O";"5";"2";"0";"-4";"Es*mm6xBOx"
"-4";"-1";"-2";"-5";"4";"1";"4";"-2";"5";"}{(88H<E\W";"1";"-3";"5";"-2";"5N)NSafOQg"
"-1";"-3";"-1";"2";"0";"-5";"-5";"4";"2";"t.3%G,nCBL";"-4";"1";"-1";"1";"&)j]ih)$v0"
"5";"3";"5";"1";"-4";"0";"-3";"2";"-5";".[M\!uOql=";"3";"5";"0";"1";"*3[kxKu7=+"
"-3";"-3";"-4";"5";"-2";"0";"4";"0";"-2";"]qKS=:?0AQ";"3";"-4";"-4";"-3";",CA}g<hJpz"
"0";"-5";"3";"3";"-5";"-1";"2";"1";"1";"rgk*Za$B-k";"4";"0";"0";"0";"{v=DwEcZ,g"
"5";"4";"-3";"0";"-2";"3";"2";"-4";"-2";"NpA=$K+:df";"1";"0";"-2";"-4";"]}/7B7wq|B"
"4";"1";"1";"0";"-5";"2";"-4";"-1";"0";"mF()S(X&h?";"-4";"-1";"0";"0";"43nd`_Hm^6"
"-2";"4";"5";"0";"-3";"-3";"-1";"-4";"1";"a+uG27{^`]";"-4";"-5";"3";"-4";"s5./}Elpf5"
"1";"3";"5";"5";"3";"-5";"-1";"4";"-5";"uW+&Oc#}O""";"3";"-3";"1";"0";"]Z^=b+-8a["
"-5";"-5";"-2";"5";"-5";"-5";"5";"-3";"3";"""_7|38Z`FF";"2";"0";"5";"-1";"I\Le[s:JK\"
"4";"2";"1";"-4";"0";"4";"0";"-4";"3";"zb-#y=M6b}";"2";"-4";"-1";"0";"!6%VFh+W%E"
"2";"-4";"-1";"-5";"-5";"-4";"3";"5";"0";"IgO^/m1n3I";"3";"0";"-4";"0";"CP?qk#M)Tg"
"0";"-3";"-2";"0";"1";"0";"-2";"-2";"0";"eY""@pJ5P)]";"1";"3";"5";"3";"LVyi::C$^x"
"2";"-1";"4";"0";"4";"-3";"-4";"-3";"0";"'!R%<r,5H:";"3";"-1";"0";"5";"^i4byBT@6;"
"4";"4";"0";"1";"0";"0";"3";"-5";"-2";"wic<k5Un'y";"-4";"1";"5";"3";")<[Zi4Wl""-"
"1";"2";"1";"-4";"0";"0";"1";"-3";"3";"J%9Qa$}{g^";"5";"4";"4";"-5";"?*^&B`{.z7"
"-3";"-3";"0";"1";"-1";"2";"-3";"-5";"-4";"tS$F8H5Gm;";"-4";"2";"-1";"0";"(SN:$C/J^G"
"5";"-5";"5";"0";"-4";"-3";"0";"-4";"1";"-Tj_ZDu;{X";"3";"0";"1";"0";"8M|erNiV?h"
"0";"2";"3";"5";"1";"0";"-5";"2";"1";"b&^^""1eKA[";"-5";"-1";"0";"2";"5""E;h>O43>"
"0";"-4";"3";"-3";"-4";"5";"3";"4";"3";"$6+!?KbC5|";"-4";"-4";"-4";"2";"pM7pb7j4KP"
"2";"-1";"0";"3";"4";"1";"-5";"4";"0";"+i2Z)CJ\>c";"5";"-5";"-1";"-3";"8N1,]h2=Re"
"-4";"-1";"0";"-3";"0";"2";"-5";"0";"-1";"X,2*:\Mm2$";"-3";"-1";"3";"-2";"L0;v5nvc/r"
"0";"-4";"2";"-4";"-1";"-4";"0";"1";"2";"WlH?,AH|%g";"-2";"3";"0";"5";"%>,Zrb|n\B"
"-4";"5";"3";"5";"-4";"0";"1";"5";"4";"|Kxde[""OA-";"-4";"5";"3";"-1";"/p>|[^aEHC"
"-5";"1";"-1";"5";"0";"2";"-5";"-3";"-3";"**k71@y'Gu";"0";"4";"0";"2";"P#ebF0s$PB"
"4";"0";"-2";"-3";"2";"5";"-4";"0";"2";"w=H7!JXA?;";"0";"-1";"0";"0";"m\PHg`W)'0"
"1";"-4";"-5";"0";"0";"-2";"4";"3";"-1";"z!;/MaX)+y";"-5";"0";"0";"-1";"@e_k]le}Vx"
"-3";"-5";"1";"1";"0";"0";"1";"2";"0";"Cm!s+1!z0)";"-3";"-5";"-1";"-5";"f{Sb+p4QQ8"
"0";"1";"4";"2";"-2";"-4";"3";"2";"0";"w7Q/3FUy^`";"-1";"-1";"5";"0";"r!6VP5<D\m"
"-2";"1";"-3";"4";"-2";"2";"-5";"-4";"0";"i;QprlO&GE";"0";"4";"-2";"1";"g*rde8CjyF"
"-3";"5";"0";"4";"-2";"3";"1";"0";"-1";"8!U:x]:D7j";"2";"-3";"2";"-1";"S7?Oi%QKj\"
"1";"-3";"1";"4";"0";"-1";"3";"5";"-3";"A`Gf!P/}*H";"4";"5";"-3";"-4";"8!i{cuFmE6"
"-2";"2";"-3";"5";"-2";"0";"-4";"-4";"-2";").,(GOt9Ui";"0";"0";"3";"4";"1ej(ep2h8r"
"0";"-2";"5";"5";"0";"3";"0";"0";"-3";"UpPhX9\E?N";"0";"5";"0";"-1";"P1W\""8nUyy"
"2";"-1";"-4";"-4";"-5";"1";"2";"-3";"4";"yQnKqXv+2P";"2";"4";"-4";"0";"lt4""IPYdrd"
"0";"3";"-4";"-2";"0";"-4";"-2";"5";"0";"ELS,P+0mF&";"-4";"-3";"1";"3";"/tZwtCEQds"
"0";"-3";"-3";"0";"-2";"-4";"3";"0";"-1";"7D>[c2ay_D";"-4";"5";"1";"5";"eE#\}JnE""T"
"-1";"3";"0";"-3";"0";"-2";"-2";"1";"-2";"`SY;jIDdSf";"-5";"1";"-2";"0";",t|\cQ.q_}"
"0";"2";"1";"-3";"-4";"-3";"5";"4";"0";"RA[n}?#8Tf";"0";"2";"-1";"0";"d@BLd-zK6C"
"-3";"-2";"4";"2";"3";"0";"5";"5";"2";"{J+BGF-Sxj";"2";"1";"0";"-2";"wOFjPdUsWm"
"0";"0";"1";"1";"2";"-2";"-4";"0";"-2";"XA]`=,e]>8";"1";"-2";"-5";"-3";"7a1FPdqmE9"
"4";"-4";"4";"0";"0";"-2";"0";"-4";"0";"]%()#PDdm$";"5";"-5";"-4";"5";"uhS86AVy%k"
"2";"3";"-3";"2";"0";"-2";"-2";"0";"-1";"vH7>ty1t.#";"3";"0";"-2";"2";"-]f]k%3jD,"
"2";"3";"-1";"4";"3";"1";"-1";"-3";"0";"p*6Sdj)S}p";"4";"5";"-1";"3";"I\Tqra=YMo"
"5";"1";"0";"0";"-2";"-2";"-4";"0";"-5";"5+#4p-Hc$C";"3";"3";"0";"0";"af1Zrj)f.s"
"-4";"5";"0";"-3";"5";"-1";"5";"-5";"0";"#\9]#[f}x<";"1";"-2";"-2";"-1";"4e42N2l8nk"
"-4";"1";"4";"-1";"-1";"-3";"-3";"2";"0";"XWZl-O#J8L";"-1";"-2";"-5";"-3";"T2Z-D1IldF"
"1";"-3";"-4";"-3";"0";"-3";"2";"5";"-2";"n){b71G"";e";"-3";"-1";"-1";"0";"=xC<dqZf0<"
"-2";"-5";"-1";"0";"5";"-2";"0";"0";"4";"y&`+(Fq*#u";"-2";"-2";"-2";"4";"yYY2/Dp]ls"
"0";"1";"0";"-4";"-3";"0";"-3";"-4";"-4";"|@CyYJ#sol";"-2";"0";"-2";"1";"d[!$3M=@9b"
"4";"0";"-2";"4";"-2";"1";"-1";"0";"3";"qb|9&a=3P\";"-1";"2";"1";"5";"V}p@S/&@8K"
"-3";"0";"1";"-2";"5";"4";"3";"-1";"-4";"Vi7Et/#c=`";"-1";"-3";"3";"0";"W!U9/xmcO?"
"1";"1";"3";"-4";"-2";"0";"3";"1";"5";"xm^GLi""6""z";"3";"-4";"-2";"-1";"H9R:[<Cft]"
"-4";"4";"4";"4";"-1";"-2";"1";"4";"3";"Q5Gr%{#IE*";"4";"1";"-1";"-1";"W(VIT2rn/b"
"-3";"-3";"-4";"0";"-1";"4";"0";"3";"3";"\(Qzxu@g/w";"-5";"-3";"5";"2";"-OFdEvCLr0"
"-3";"4";"4";"-4";"-5";"5";"-5";"-4";"0";"V^b4B-u_I$";"1";"-2";"2";"3";"_y;5eksI0p"
"1";"3";"2";"4";"-3";"1";"5";"1";"0";"KC9il<<""}Y";"4";"-1";"2";"-2";"`qwsGOGcA6"
"5";"0";"-5";"-5";"4";"0";"4";"-3";"0";"M2WGT8(WO1";"-1";"-4";"-3";"1";"qwIApa<7[7"
"4";"4";"3";"2";"0";"-1";"-2";"5";"-3";"O.M!=LjJW=";"2";"4";"4";"2";"Z-p$5E^E%w"
"5";"3";"0";"5";"-2";"0";"2";"-1";"-3";"!Op8]LpW)|";"-4";"-5";"5";"0";"/Uwm?QdW>A"
"-5";"5";"4";"-5";"1";"5";"4";"4";"5";"k3yb)OJzT?";"-5";"-5";"0";"0";"9DnmJ/GYjn"
"-3";"0";"3";"-3";"3";"3";"4";"2";"3";"x?|=si3n(Q";"3";"0";"-2";"3";"L!;dbc@fN^"
"4";"-5";"-3";"4";"0";"-4";"0";"-3";"0";"G:Xc/[]j7e";"0";"-2";"0";"0";"GrdXy%\lLh"
"-5";"5";"4";"-1";"-3";"-1";"4";"-5";"3";"P#%<quYw/C";"3";"1";"0";"-2";";$Mj7E8Tuj"
"-2";"-2";"4";"4";"4";"3";"1";"-2";"4";"4mIU!gr]]6";"1";"1";"5";"-2";"Gs*""Ps*2[I"
"-5";"5";"3";"-4";"-5";"5";"4";"-3";"1";"s5[%OH1hc+";"-2";"4";"-1";"0";"s$1?^$r$<e"
"-4";"0";"2";"5";"-2";"1";"2";"0";"1";"Ap{@[@xF8u";"0";"4";"0";"-3";"gX\ch=vO>/"
"3";"-5";"3";"-4";"-5";"0";"4";"-1";"3";"l.'dj#q_8L";"4";"3";"3";"2";"fr|^Z`93mC"
"2";"0";"0";"-2";"4";"2";"-2";"-5";"-5";"8BP(F_@YKM";"-5";"1";"0";"0";"#v{iI[#BrE"
"-2";"0";"5";"-4";"2";"0";"-1";"1";"-5";"Vb,ZYy|'<F";"-2";"-4";"4";"2";"YdA\^APJ7'"
"1";"-5";"-4";"-1";"-4";"2";"-3";"0";"-4";".pt'!*\c*$";"4";"0";"3";"1";"._7upmu=Rc"
"-2";"-5";"1";"0";"-5";"5";"-5";"3";"1";"4rw]>Z2H5g";"1";"4";"5";"5";"n3NKscPq=M"
"0";"0";"-2";"-4";"5";"4";"-2";"-2";"5";"8N;vC|/hV9";"2";"3";"4";"0";"o$K?*p4D'Q"
"1";"2";"-2";"-5";"1";"-3";"5";"-1";"-4";"@Bg>@.@?a+";"-1";"-2";"-5";"1";"/*<YM()K2H"
"1";"0";"0";"-1";"2";"0";"-3";"0";"2";"kP`,2h\TDS";"0";"3";"5";"-5";"#r5gB2E41:"
"-4";"1";"-2";"1";"1";"1";"-2";"-5";"0";"^J59TRRNN6";"-5";"2";"-3";"2";"JO:+,;S,6X"
"-1";"0";"2";"-3";"-1";"3";"0";"0";"-2";"|c=S9dj_:)";"0";"0";"1";"2";"Yw}@;G$K6w"
"-5";"5";"-5";"-2";"2";"3";"3";"-3";"3";"Zp]H""DJCm[";"2";"3";"5";"1";"[F$$vPhl7/"
"0";"2";"2";"-4";"1";"5";"1";"5";"-1";"Mvj/$V/cwj";"-1";"4";"3";"5";"z3zrA_k""jb"
"-4";"3";"-2";"-2";"0";"-1";"3";"-5";"-1";")yQY]DD<re";"0";"-2";"-3";"4";"I7NGhCIFsu"
"-4";"0";"4";"-4";"4";"0";"-4";"1";"0";"_xFG\80#$}";"-2";"4";"0";"5";"-T^MQ'5du>"
"0";"-2";"-3";"0";"5";"-1";"4";"1";"4";"%9-mn/!w46";"-4";"-4";"-1";"0";"0,}E\:w%R3"
"-5";"0";"-1";"5";"4";"0";"4";"-1";"4";"jgJv9)bg7U";"-4";"0";"4";"0";"@2IEpXJlGZ"
"0";"-4";"5";"3";"5";"-4";"1";"3";"4";"<MK:>Aha%6";"1";"1";"-5";"-4";"DTr9C%@vrt"
"-4";"-5";"0";"-3";"-3";"-4";"-1";"-2";"4";"R5s%:Cc*Jd";"2";"3";"2";"-2";"qc6X7@iG^)"
"2";"-3";"0";"-5";"-1";"2";"-1";"4";"-1";"{R!w5m(L(Z";"-4";"-3";"5";"1";",B{$N<[^T>"
"1";"4";"5";"4";"2";"-4";"-3";"-2";"1";"oxLhMp51}|";"-4";"2";"3";"-5";"6r^4(mcA)7"
"-5";"-3";"5";"-3";"-5";"2";"4";"3";"-1";"y##O@ZmT[W";"-4";"0";"-3";"0";"$h(XAT(EZJ"
"1";"2";"-1";"3";"-5";"3";"0";"-5";"5";"W-2CH=kczj";"-4";"0";"3";"3";"VFng2n&fqC"
"4";"-1";"-1";"-5";"-5";"0";"1";"2";"3";"#^5*n'{w<C";"1";"0";"2";"0";"63)I1_b]]N"
"1";"1";"2";"4";"-4";"-1";"0";"-4";"4";"_|[(jc-1Y4";"-3";"0";"-3";"-5";"v?Sg^aii]+"
"-4";"0";"-2";"4";"3";"5";"2";"0";"-1";"].3Ikh|WW.";"3";"0";"0";"-2";"L%Z@4Kr$q4"
"1";"2";"1";"-1";"1";"2";"1";"1";"-3";"|$R;']l-Sg";"5";"-1";"1";"5";"|X??A8pG9D"
"0";"3";"-3";"0";"-1";"-3";"5";"-1";"3";"S\d=cl)2s8";"0";"5";"0";"1";"CQJ""a.f3g-"
"0";"-3";"-1";"-3";"-1";"-2";"2";"-5";"-2";"1s4o?hf`n}";"3";"2";"1";"0";"upe%9_m3n%"
"2";"3";"5";"-4";"0";"-1";"-4";"-4";"2";"X*5oh|P8%R";"-5";"-2";"-4";"-4";"{=iPNY|Pj$"
"0";"0";"5";"0";"3";"0";"-3";"-3";"4";"|s`3GxIiB6";"-1";"0";"-1";"0";"Dv-b+e|QB6"
"-4";"5";"4";"0";"0";"-5";"-1";"0";"-3";"AD8LfDn0HH";"-1";"1";"-5";"0";"|Cq.)""52bl"
"0";"0";"2";"0";"0";"0";"-4";"-2";"-3";"b\GB)qqvV$";"5";"0";"2";"0";"NI[82@c?'h"
"-1";"-4";"1";"0";"-4";"-1";"-4";"-5";"0";",rj@r)*]QA";"1";"3";"5";"1";"2YI|oQWRz/"
"3";"3";"-1";"-2";"-3";"-5";"2";"0";"-1";"XG|S[:]hx,";"-3";"3";"-3";"-5";"p,r,ckGD*I"
"-3";"-3";"0";"-4";"1";"-5";"4";"1";"-2";"#:xUQeqPzO";"-1";"5";"0";"3";"v4ZPRxof`o"
"0";"3";"-3";"-3";"0";"0";"4";"-3";"0";"v/lQ`I2d{#";"-5";"-3";"-1";"4";"!(tnKS=8>-"
"-1";"-5";"1";"0";"-1";"-4";"-1";"-1";"0";"9k3]|M;Of]";"4";"-5";"-5";"5";"1Gl.[[_z&B"
"-1";"0";"-4";"-1";"-1";"-2";"4";"-5";"-5";"vYiBOELoMB";"-2";"4";"-4";"0";".i(h7/OuGc"
"-1";"4";"-5";"-5";"4";"1";"4";"2";"5";"of)wIj:hh_";"3";"5";"5";"1";"G.tW!KnAa\"
"5";"2";"0";"-1";"1";"-2";"-3";"-5";"-2";"V-ida;=q${";"-2";"1";"1";"-3";"3X=0IyX.''"
"2";"1";"-4";"2";"-1";"4";"2";"4";"4";"J/!3$jX%iZ";"-3";"-1";"-1";"-4";"]nmY}}Sgcr"
"-2";"-5";"-1";"4";"3";"-1";"3";"0";"0";";rDQnc;_T}";"-1";"2";"5";"2";"vkrl)N8!E2"
"1";"3";"3";"0";"-1";"-1";"-4";"0";"-4";"3o^.-hwlaf";"2";"-1";"1";"-1";"vM&*pG-5|:"
"0";"4";"5";"0";"2";"-2";"0";"2";"-1";"\VeuCII|YW";"-3";"4";"0";"1";"Tw%.\('nlN"
"4";"-3";"5";"-4";"1";"3";"-4";"-1";"-1";"qLFi}Zf[[K";"-1";"0";"0";"5";"ED-ob0=#t/"
"-1";"2";"-5";"3";"0";"0";"2";"4";"-2";"<unm)|>""Uq";"2";"0";"-5";"1";"Y!L(|o@s@W"
"0";"0";"0";"-4";"0";"-1";"-1";"-3";"-2";"H{EuCwgE)$";"3";"5";"-5";"-4";"tKN%>[6&!k"
"-2";"0";"-4";"0";"2";"3";"1";"4";"-5";"!)@o*(J{&8";"4";"2";"-3";"-1";"2R.<LECU;3"
"-4";"0";"-1";"-4";"2";"3";"-4";"-5";"1";"\8p+r:f):X";"-3";"0";"1";"0";")PgD-8g-,="
"-3";"-3";"1";"5";"-4";"4";"0";"4";"1";"[3EXBFOXj5";"-1";"2";"-2";"1";"l]Z&Q@[<[:"
"0";"1";"-2";"0";"2";"4";"3";"-4";"5";"In@<I/f>B""";"2";"-3";"-5";"0";"J2M|FeWBl;"
"-3";"0";"3";"1";"-2";"2";"1";"1";"0";"f\-WR-9""'k";"0";"0";"-3";"-2";"VCw4T6#ocE"
"-5";"0";"0";"2";"1";"1";"-2";"0";"-5";"Wji^cz7u*/";"0";"0";"-5";"-3";"6Otow1[6x,"
"-2";"-5";"1";"2";"4";"-3";"-2";"-1";"3";"MHxk+!Q<zi";"5";"0";"-5";"5";"Ocx;)-m:v6"
"-2";"-5";"5";"1";"-2";"3";"3";"0";"3";"fk""|4oWz?D";"1";"-4";"2";"-1";"QL[ELbX9#'"
"3";"0";"5";"-3";"-1";"-5";"-4";"-2";"-4";"Pw^MyLof4[";"3";"1";"-1";"-2";"rp#$HVpM!B"
"4";"3";"1";"2";"-4";"-4";"-3";"-5";"-4";"7r<@FN/Vhp";"4";"0";"-4";"0";"HP.}""x.:B|"
"-1";"1";"3";"1";"-1";"1";"4";"3";"-1";"O]j'#wSl)U";"-4";"0";"4";"1";"USL5%`/""xa"
"-4";"4";"5";"-5";"0";"3";"-1";"3";"5";"P9:P=E%BA>";"0";"-1";"2";"-3";"-OL)U(4=in"
"-1";"-3";"0";"-4";"5";"4";"2";"5";"2";"+96sm""F&92";"1";"0";"-3";"0";"Nx[iQi17;?"
"3";"2";"-3";"-3";"-4";"-4";"4";"0";"1";"QHD2FJWV:q";"0";"-5";"-5";"-4";"msFC<T/ODf"
"-1";"2";"-4";"4";"1";"2";"-5";"-4";"1";"1:zR^{)Nqp";"2";"-2";"1";"0";"}D28Cz^f(("
"-1";"5";"-1";"0";"-3";"-4";"0";"-5";"-5";"#a1fwH-AZs";"2";"2";"2";"1";"tlbXk'1J8"""
"5";"-4";"5";"0";"4";"5";"-5";"-5";"-4";"[d2'j6qf6H";"-4";"-1";"-5";"0";"+Oh_!?&pN{"
"1";"1";"-5";"-4";"5";"3";"4";"0";"-3";"N85ai3JWkj";"-3";"3";"-5";"0";"'yvspviXK#"
"-1";"3";"0";"4";"0";"-5";"5";"-1";"5";"oND:$HsZjW";"-4";"0";"1";"0";"rxO(z&grD$"
"4";"4";"-5";"-3";"-2";"0";"-3";"0";"-5";"*3X4JR(L^o";"-5";"-5";"0";"-5";"E2Vz{Eh4#+"
"4";"3";"-5";"4";"0";"5";"1";"-1";"0";":Dr+\+{A]e";"-5";"5";"0";"0";"O\.f[YRp>T"
"0";"-3";"5";"2";"-3";"-2";"1";"3";"-4";">E`sGcc>Px";"1";"-5";"-2";"-3";"hiq0R!Iw(b"
"-1";"0";"4";"-4";"-4";"-3";"5";"-5";"2";"u8[""dCd7R\";"-5";"-3";"5";"-5";"H_^V8ZoD5*"
"-3";"-5";"5";"-5";"-2";"0";"3";"0";"-3";"0p[\0w;/V<";"2";"1";"0";"-3";"9dMVfDS2x@"
"-4";"-5";"5";"1";"1";"3";"5";"0";"-3";"cTY@&U!@gP";"-3";"5";"-5";"2";"oalT({8|Pt"
"1";"2";"5";"1";"0";"0";"0";"-4";"3";"M*_OKqhk*f";"5";"-1";"1";"3";"88C-C1;Z5F"
"1";"0";"0";"-5";"1";"-5";"0";"4";"-2";"_}Sn&C@0j:";"0";"1";"-5";"1";"1YfQmb_7{f"
"0";"4";"-3";"0";"-5";"5";"4";"-2";"-2";"II!eTB`ml)";"0";"-4";"1";"3";"p|6e""eR3s#"
"4";"-1";"-2";"-5";"-5";"4";"-1";"5";"-2";"0(v""Q\y$N*";"-4";"5";"-5";"0";"W&+w/_0=wn"
"-1";"-1";"5";"4";"0";"1";"2";"0";"0";"R,Bbzk?/0D";"-3";"-2";"-2";"0";"?rMtL}[$<g"
"2";"-4";"-3";"2";"4";"-4";"-3";"-4";"2";"X-1n!4%.s*";"-5";"1";"2";"0";"BuU]`*kB#o"
"-1";"-3";"4";"2";"0";"-5";"5";"0";"0";"UN;fC'4Y)q";"-4";"-4";"-4";"-4";"^$]BxA}c;$"
"2";"0";"5";"4";"-3";"0";"-4";"-3";"0";"o'[v0V%'@M";"-2";"-1";"5";"4";"{c1#N/@y$E"
"2";"4";"1";"0";"-1";"0";"-3";"4";"0";"Bhi3r!*>6c";"-4";"5";"-3";"1";"e[b5N,z|E_"
"4";"-4";"-2";"-3";"-3";"2";"5";"-2";"4";"g[8-$,cp^D";"-1";"-1";"3";"-1";"2B5OQ|#^&X"
"-1";"5";"3";"0";"-2";"-4";"-3";"5";"0";"EK[%1X|.n%";"0";"3";"-2";"1";"-fL#</f?gQ"
"-1";"-1";"-4";"-5";"1";"-4";"2";"-1";"0";"RT)7-w*4`&";"1";"4";"2";"3";"o]JcEcs0W`"
"-5";"4";"2";"-5";"-3";"-5";"3";"3";"4";"]#S;d86'o0";"0";"-5";"-3";"0";"euYY1kqoVq"
"-5";"-3";"2";"3";"-2";"0";"-4";"-3";"-3";"fqL)vWu=W*";"-1";"0";"-5";"2";"TC%wYx$Ef"""
"-4";"-4";"0";"2";"0";"5";"0";"-3";"-2";"wup|eLP|Kr";"-4";"-3";"4";"-2";"o2aQ4YU#KM"
"4";"-1";"3";"-1";"3";"5";"-3";"0";"-1";"2dAAEcWK/D";"-1";"2";"3";"3";";u/%i{0:/q"
"0";"-5";"0";"0";"4";"-3";"-2";"-3";"-2";"W+xAl)mL+O";"-2";"5";"-3";"3";"sZoKg^$4B["
"1";"3";"3";"-1";"0";"-5";"0";"-1";"-4";">ev\sD6xRz";"-5";"-4";"3";"0";",P_+\_js2z"
"3";"0";"2";"1";"5";"5";"3";"1";"-5";"`GRUtk:+L?";"-1";"-5";"3";"4";"9:""u,r:;rN"
"-3";"-1";"3";"5";"3";"3";"-3";"5";"-5";"J|0ck^Ln&!";"-2";"-1";"2";"3";"[wemI$xe\}"
"-2";"-2";"4";"4";"-4";"-5";"-1";"-2";"2";";qV)/nb*NX";"3";"0";"-4";"0";"\i!aO&(PDI"
"5";"-1";"-5";"-1";"4";"2";"4";"-4";"4";"Ys)<WKD*#G";"-2";"-4";"3";"5";"dw|Z%yd/|!"
"1";"4";"0";"-4";"4";"0";"-1";"-2";"0";"8wv8SUku(5";"-5";"-4";"2";"4";"o-<9S`s1M5"
"-5";"-3";"-4";"-4";"2";"-5";"-4";"-3";"-3";"xwo?2pVE8I";"-4";"1";"0";"0";"xUh(#c_;yy"
"3";"0";"3";"0";"-3";"4";"-2";"-4";"0";"n477L-l`Av";"1";"-5";"3";"-4";"'0f/[xp7s,"
"3";"2";"-1";"2";"-2";"0";"-4";"0";"-1";":3nN;N_0NX";"-5";"-3";"0";"5";"LE=#gd7qx*"
"0";"-4";"2";"0";"3";"0";"3";"1";"5";")d2=:n)8'@";"-4";"0";"-4";"-3";"L""9dxDZ=n]"
"-1";"4";"2";"1";"-4";"0";"-2";"2";"3";")OJNpHJQ]u";"-1";"3";"5";"-1";"fkz}JNj0'7"
"0";"0";"5";"-1";"3";"-2";"0";"-1";"0";"^;O%#Ybc5%";"0";"4";"-5";"-1";"P+Q@""LsX7J"
"-2";"1";"-3";"4";"-1";"2";"0";"5";"-2";">;/7mfVp08";"3";"0";"2";"0";"Y3j4+waW<s"
"2";"0";"3";"3";"-2";"-1";"-3";"-5";"0";"Hx_4_o58lU";"-2";"3";"5";"2";"""""W<*9N<60"
"-1";"1";"-2";"3";"-2";"-5";"3";"-4";"1";"Y&:,D.!UwP";"-5";"3";"0";"2";"#c50.$PFF/"
"4";"4";"1";"4";"-2";"0";"1";"0";"4";"pP&-/!kDK|";"-1";"5";"-1";"1";"y0BH9R0Y?y"
"3";"-3";"4";"4";"0";"-4";"-1";"5";"2";"rVMY_%XCN1";"4";"-1";"0";"-3";"^-{krYQ:,]"
"0";"2";"0";"3";"-3";"-3";"3";"-4";"1";"n*=<qh2?u!";"-3";"0";"-2";"-4";"5r2uCcgx%F"
"-5";"4";"-4";"1";"1";"-5";"2";"-3";"2";"8m@mY>Puy?";"3";"1";"3";"-4";"[[oZ(>1B,3"
"-3";"-3";"-3";"-5";"2";"-4";"0";"1";"5";".&rllyr|sm";"5";"-1";"-2";"0";"mjgKB;6Np-"
"-3";"4";"5";"-1";"-5";"3";"-4";"-4";"0";"V&oqG[3KrL";"-2";"-4";"5";"2";".cMARZb]A#"
"-2";"5";"4";"1";"-1";"-5";"-2";"1";"4";"I;{sHWg'iz";"-5";"3";"-3";"3";"W7.4\bD*HU"
"-4";"0";"5";"0";"3";"2";"-5";"0";"2";"l\EPE*I$9t";"-5";"4";"0";"4";"<[I`/pt#dy"
"0";"1";"-4";"-1";"4";"2";"-2";"-5";"2";"""|QI?(S#5j";"-1";"-1";"5";"2";"(Mys^'[eQu"
"0";"-1";"3";"-5";"3";"-4";"-5";"3";"4";"qknaBMV`24";"2";"-5";"3";"-5";")CMY`}/bCq"
"5";"2";"4";"-2";"3";"0";"0";"0";"5";"!g_GU7@'`6";"4";"-1";"-4";"0";"J3qj#oVm>|"
"-1";"0";"5";"5";"-4";"-3";"-5";"-3";"1";"y1]7CXfr|R";"4";"2";"5";"-3";"C\c}T:_]VX"
"3";"-1";"0";"4";"-2";"2";"-4";"1";"-2";"Y,&d`S73Sa";"-4";"-3";"1";"3";"PZmT?f}NMC"
"5";"0";"5";"1";"0";"-5";"4";"-5";"-4";"G31<0\,6/;";"1";"-5";"2";"0";"/#gG^d;uy4"
"-3";"-4";"4";"3";"2";"-2";"1";"-3";"4";".9}DSGg|JF";"5";"-1";"-1";"2";"_nY_90;Cyq"
"0";"4";"0";"-4";"-2";"1";"3";"-1";"5";"<[2utj{+N*";"-4";"0";"0";"4";"F5q\W'3])t"
"0";"2";"4";"-5";"5";"-3";"-1";"5";"-5";"2W]4]Eq.rf";"0";"5";"-4";"4";"GxrgstA"",z"
"-2";"5";"4";"3";"1";"2";"3";"1";"0";"ujTx5$4{{_";"-4";"0";"-3";"-3";"{(gOx3@<Cg"
"-1";"-4";"-3";"5";"2";"2";"4";"0";"0";"*LOH,:3C7k";"2";"-3";"1";"2";"(0jyVn4AwQ"
"-1";"-3";"3";"1";"0";"4";"1";"-5";"2";"T'dE,ODUx#";"0";"4";"-4";"0";"hmn|3zK0)-"
"-1";"-5";"1";"2";"0";"-4";"0";"2";"-2";"]*\8j\@!{[";"1";"-4";"0";"-1";"1W6L91Wzsg"
"0";"-5";"3";"-1";"-4";"1";"2";"1";"-3";">6MK%)HRJD";"0";"2";"4";"-1";"L)OyoY7<Wi"
"-4";"0";"-5";"4";"-4";"4";"5";"1";"-5";"AB/DiL>(I%";"2";"4";"-5";"0";"`(rRjLA/Nu"
"0";"5";"-2";"3";"0";"0";"1";"-5";"-5";"s;WP6%qt+9";"5";"-3";"0";"-3";"m>=.`\M1DT"
"2";"3";"-3";"-3";"-5";"-4";"0";"5";"-1";"$6SVUMh|6f";"0";"3";"0";"3";"y.<i70&9>l"
"4";"5";"-3";"3";"4";"-3";"4";"1";"-4";"9>^mjxr[gU";"-4";"0";"-2";"0";"z>Y*p>B[/A"
"-5";"2";"4";"-1";"0";"-2";"2";"0";"0";"%qJ]dlavqN";"2";"-2";"5";"2";"!U;Tz9""rY$"
"-3";"-4";"2";"-1";"-1";"2";"-1";"-3";"0";"azR#;;2yE\";"-3";"1";"-5";"2";"%^:5l]L,\r"
"2";"4";"3";"-5";"-3";"-2";"-4";"5";"4";"!'Y\nUHOEe";"5";"-2";"-3";"1";"4XRP`7,qm6"
"-5";"5";"-2";"1";"0";"0";"3";"-2";"0";"9&X/_!gcb;";"1";"2";"-1";"-1";"*2r\LJI\(T"
"-1";"0";"-3";"-4";"3";"1";"3";"1";"0";"k*[&t@0*tB";"-4";"1";"3";"1";"c^f2l}*n(d"
"4";"5";"1";"1";"1";"-3";"5";"3";"2";"gOKKv0=,?S";"0";"0";"5";"4";"\Inv8$zku#"
"2";"5";"-3";"1";"-4";"2";"4";"0";"1";"w8j|XoyAuJ";"3";"4";"-2";"-5";"|ceY-\Q2F="
"5";"0";"-3";"0";"-1";"-5";"2";"-2";"4";"61MAJrrOxZ";"-3";"0";"-5";"5";"<FJZq$9YF="
"-1";"-1";"3";"0";"-5";"3";"-5";"4";"3";"pkD&=WPLqx";"5";"4";"-3";"3";"lrn&mmCoDI"
"1";"-3";"-5";"-1";"1";"-4";"0";"-5";"4";"G1G+Lq:tkb";"4";"0";"-2";"3";"<GI-/!'mVp"
"-4";"-1";"4";"1";"0";"4";"5";"-3";"4";"L!$aL&2}gh";"4";"4";"-3";"-4";"aSBTEf%sO?"
"-3";"0";"-2";"5";"-1";"-2";"0";"-1";"5";"h*,)E9=CP@";"-2";"5";"5";"-4";"`dO(/""@Sb8"
"4";"0";"4";"-1";"-5";"0";"0";"-4";"-5";"kQmT`S>}6|";"5";"-3";"0";"-1";"o5RL,.5Y$G"
"-5";"-2";"-5";"0";"-2";"-2";"-3";"5";"3";"#h1.9B+-mh";"1";"-1";"-5";"3";"oR`qf%YNcP"
"1";"2";"0";"0";"1";"4";"-1";"-1";"1";"1mHdrBrl>b";"5";"4";"2";"-4";"^e6yA+nU6Z"
"-5";"3";"-1";"-5";"1";"1";"-2";"-5";"-5";"BfVk%e\$Mm";"-1";"-4";"-2";"2";"gD<$M{'q9;"
"1";"-1";"-5";"-2";"4";"0";"5";"1";"5";"k)C(W}ixq'";"0";"-2";"0";"2";"w<wKg,&v[K"
"-4";"-5";"4";"1";"-3";"-3";"4";"1";"-1";"XE}5?,okv<";"-5";"0";"-5";"1";"`SqHuAC9gq"
"3";"-3";"1";"-4";"-4";"2";"0";"5";"0";"m%:fF-*rnw";"3";"0";"-4";"-3";"{rO*>]+JI;"
"3";"4";"-3";"2";"-2";"5";"3";"-4";"0";"iR(LXBn`b`";"4";"-2";"4";"2";"rB^CLiOnt?"
"4";"3";"3";"2";"5";"-5";"1";"-3";"-3";"dJe&DW:\xM";"0";"-4";"3";"-1";"rS__[d_|H@"
"-3";"5";"5";"-1";"5";"-2";"4";"3";"0";";#9mT,_k#E";"-2";"-2";"-2";"-3";"{XhYF+SN8s"
"0";"-3";"-3";"2";"4";"-1";"-5";"0";"4";")oy$z!%%jP";"1";"-1";"-1";"-4";"(PD63*1='y"
"3";"-5";"-2";"2";"4";"-4";"5";"1";"-3";"Z>)s,X!!R=";"-2";"0";"-3";"2";"N|Sk@Mv0f}"
"-5";"3";"-2";"-2";"-4";"3";"0";"-3";"5";"IUGC`):U5X";"3";"1";"-5";"0";"hgeb{y2)cl"
"-5";"0";"-4";"-4";"4";"-3";"1";"-5";"1";"L(},""w2<Oh";"-4";"0";"3";"1";"qqm+dTqe0-"
"1";"3";"-4";"0";"-4";"5";"1";"0";"-5";"YDief""""zog";"0";"-5";"-1";"5";"p*4BdiDZ8U"
"0";"4";"3";"4";"5";"1";"0";"-3";"4";"oG>N3e;2fT";"4";"-2";"-1";"-4";"u:/xD`6B#H"
"2";"-3";"1";"-3";"0";"-2";"-2";"3";"2";"`.o6*6#4O\";"-4";"-5";"-2";"2";"A$U1W(ZXpS"
"1";"4";"-5";"5";"2";"0";"5";"5";"-2";"EL8Cw^&*^a";"2";"4";"-3";"1";"pUeS246NOt"
"-2";"3";"-2";"5";"-3";"4";"5";"3";"5";")NKY{QM=K2";"0";"-3";"0";"-1";"?9-WU%xOvq"
"2";"-4";"0";"3";"-3";"3";"0";"-5";"3";"4FyuI3F&.[";"-3";"-3";"0";"-5";"t|\Z!bK""MV"
"-4";"-2";"-2";"-2";"-4";"0";"-1";"0";"-3";"z{P/+gX+9)";"-5";"4";"0";"-2";"GwVzI3-|g+"
"5";"0";"-4";"0";"-5";"0";"-4";"-4";"-2";"OM0<JewBRM";"3";"2";"4";"-2";"vr:Z@I)rKX"
"-3";"-2";"0";"0";"2";"0";"-5";"-3";"2";"3Z|@e:PSQ(";"5";"-1";"4";"4";"J&.dF:k$9x"
"4";"-4";"1";"-1";"3";"3";"0";"-2";"-4";"xCv?(ol7nY";"4";"-2";"-4";"1";"x@+q;<u%:@"
"2";"3";"-2";"5";"4";"0";"0";"3";"5";"5V]sS09VVM";"-5";"3";"-3";"-4";"wrI7=2KYg{"
"1";"-5";"-3";"0";"-4";"-3";"0";"0";"2";"Czc;N#;q4b";"1";"5";"2";"-2";"\4i!+H`9o-"
"0";"-5";"1";"-2";"0";"-3";"-5";"0";"-3";"RPf`Ny&$F""";"0";"5";"-2";"2";"H*$ispE""XL"
"-1";"4";"1";"5";"5";"4";"-4";"-3";"5";"aQ\a6'jvGc";"5";"1";"1";"4";"R#T\*X7H/>"
"5";"-1";"3";"-5";"0";"0";"0";"-5";"2";"^DI3?gra;o";"-2";"4";"3";"5";"1T[!x$uk[P"
"-4";"3";"3";"-2";"-3";"-5";"-5";"0";"3";"|?\|;=6rt7";"5";"-5";"-5";"-1";"D=C/83.$f"""
"2";"-2";"4";"0";"-4";"-1";"-4";"-3";"2";"Y&Mc=9v(8x";"4";"3";"-2";"4";"><A:QV+pL("
"-4";"-5";"-4";"4";"-2";"0";"2";"-1";"-4";"d}pg;Lj@/;";"1";"0";"0";"3";"wze/XJ.=jC"
"0";"-1";"-3";"-3";"0";"3";"5";"-4";"0";"P<A71%H,ZD";"0";"-5";"0";"1";"2zE,VwbVmX"
"3";"-5";"0";"2";"3";"0";"0";"3";"4";"=Q'""T#{4'q";"4";"0";"4";"-5";"T:bvui<Vrw"
"0";"3";"3";"0";"4";"0";"-1";"0";"2";"x=aNY0cU5""";"3";"5";"-2";"-1";"Eceu[P$)eW"
"3";"4";"4";"3";"2";"-1";"-4";"-5";"-5";"a%NpIx""GjM";"-1";"0";"0";"-3";".!(_>'mu\/"
"-5";"-1";"-5";"2";"4";"0";"2";"-3";"3";"Mi9:z2?8s<";"5";"-3";"-1";"0";"W|5R+tJD0%"
"2";"0";"2";"5";"0";"5";"1";"4";"-3";"WKatLe4H0$";"4";"-5";"-1";"-2";"E+\f53|p."""
"-5";"-1";"-3";"-1";"0";"-2";"-5";"-4";"-5";"}niY}gHm,7";"2";"4";"3";"-2";"LX*v9!3{TX"
"2";"4";"0";"5";"1";"-2";"-2";"-2";"1";"}({lieLwbK";"5";"3";"2";"4";"h|}Je.@V@q"
"-2";"-1";"-1";"5";"-4";"-2";"4";"0";"-1";"dE@!&@4F1Y";"-2";"-2";"2";"0";"AJ0JQhO!D|"
"-4";"-4";"4";"3";"1";"-2";"0";"-2";"-5";":V'`$UOE]2";"0";"3";"-4";"-2";"$k*a.Q'0'l"
"3";"3";"2";"3";"2";"-5";"-3";"-2";"-2";"\%gHY@`>8%";"0";"-4";"-5";"5";"D^!Vp_i!Co"
"-5";"2";"1";"-1";"-5";"1";"3";"4";"4";"1Kijr5pOpk";"0";"1";"-3";"-4";"GkxeKF8yT*"
"0";"5";"-3";"3";"-5";"0";"-3";"1";"0";"K^v\;2oes\";"-4";"2";"2";"-1";")..{;qfjS/"
"0";"-3";"1";"2";"5";"-4";"0";"-3";"-2";"'ft-Z_49)g";"-2";"0";"3";"-4";"CQ`?q?skgB"
"0";"-4";"-5";"3";"4";"4";"4";"-3";"-3";"ag\q7xM+J3";"-4";"-4";"0";"-1";"v|(H7hpB}<"
"-3";"-4";"-3";"0";"3";"1";"0";"2";"-4";"<HBm?c4#P0";"-4";"4";"4";"5";"]S#MXG$9))"
"5";"0";"0";"-5";"0";"-2";"2";"-5";"1";"\>{Z]\`ax3";"3";"-5";"1";"-1";"@_cFr=0\#."
"-1";"4";"-4";"3";"0";"-2";"1";"0";"0";"G-<D>jLIW^";"4";"1";"3";"-5";"x)?""Bpk-Sr"
"4";"3";"1";"-3";"-4";"1";"-3";"-5";"-3";"WU[F[ZP]xF";"-3";"-3";"2";"-5";"GV9-vSOM4l"
"4";"5";"-1";"0";"1";"-1";"5";"1";"0";"A$,<r0""!AH";"-5";"1";"3";"-5";"E&vLK*y/zZ"
"-5";"-3";"-2";"4";"1";"-1";"4";"-3";"-2";"v9{vCn}3_F";"0";"4";"-2";"-3";"N7%Y>9/$.a"
"-2";"0";"-2";"-5";"-1";"-4";"2";"0";"-1";"p>?Y7ha|._";"4";"2";"-1";"0";"(ImE>aW3}z"
"1";"-1";"3";"2";"-4";"0";"4";"1";"0";"'@jJ_Kpr7:";"0";"4";"-4";"3";"a>32&|6Kt6"
"3";"-5";"-2";"3";"-3";"4";"-3";"5";"-4";"}Dw$oXLHFO";"3";"0";"1";"-4";"A33kOwRGe8"
"-3";"-4";"-1";"3";"5";"-2";"-4";"-3";"-4";"aUi!gW4hq9";"-1";"-3";"-3";"4";"[x6/r{=3s'"
"-2";"-4";"4";"3";"3";"-3";"0";"-2";"-3";"VLzK([&t_d";"4";"-2";"3";"4";"b]7&_vW-O@"
"-2";"2";"1";"-2";"1";"2";"4";"4";"4";"B:h'wN\D(H";"-5";"2";"-1";"0";"yH/*AJfz7\"
"2";"4";"0";"-1";"5";"0";"1";"4";"0";"l#U_d""d^5-";"-2";"0";"0";"-4";"6q7@%Zal}W"
"5";"-2";"-1";"4";"-4";"-5";"5";"-2";"-4";"cDS>'\j$^""";"0";"0";"1";"5";";F(#5UT^Wi"
"-2";"3";"-5";"-3";"-2";"-1";"2";"-4";"-4";"APLAgS\K8Z";"5";"1";"1";"-1";"dpE$n*&Me6"
"-4";"5";"5";"0";"4";"-2";"1";"1";"-3";"3&9joRI*68";"0";"3";"1";"1";".PzW:Wbh[a"
"2";"-5";"-1";"-2";"0";"-5";"-4";"-3";"-3";"GGu{jx,Mxf";"-3";"5";"-4";"-4";"[\[7_'hQ+^"
"-1";"3";"2";"-5";"-2";"2";"2";"-4";"2";"ViN)&+;tfF";"4";"4";"-4";"-1";"@A""cDf&<Yn"
"4";"0";"3";"0";"3";"0";"-3";"0";"-2";"zwt,(3NqZ]";"4";"-5";"2";"0";"kKgcLm|GfN"
"-4";"-5";"3";"0";"0";"0";"3";"-5";"-1";"T(9fqlVe].";"-2";"1";"-5";"1";"ch?#P6gh{D"
"3";"0";"-5";"3";"-2";"-5";"3";"0";"0";"gDC$gCQe`/";"0";"5";"-5";"5";"UH{K\Q{,JT"
"-2";"5";"2";"4";"-4";"0";"-2";"4";"2";"BiQlAr`b%N";"-1";"-4";"1";"-2";"GLLnW\7(St"
"-4";"0";"-1";"0";"-2";"2";"1";"-5";"3";"z56K<$$B*,";"-5";"3";"3";"2";"&`x^?q.q9q"
"3";"-2";"0";"-2";"0";"-3";"-5";"2";"-1";"k3%*}tvz|I";"4";"-4";"0";"-3";"f-G+h.xErc"
"2";"-1";"-4";"5";"3";"-2";"-4";"5";"3";"ng@1tquw1P";"0";"0";"-4";"4";"dh'ihsz_<;"
"5";"-3";"-1";"0";"-1";"5";"3";"-1";"-4";"|{8GOTk%V\";"-5";"0";"1";"0";"|\VQuWAURI"
"-3";"3";"5";"4";"3";"2";"0";"-3";"5";"ckoJ9@rYrd";"-2";"5";"-3";"-1";"sK=uMl[NJa"
"-1";"-2";"-4";"2";"5";"4";"0";"-3";"-4";"n!NDR""zoLo";"-2";"1";"1";"1";"kW5Z_KjSwB"
"4";"4";"3";"4";"2";"2";"1";"3";"-3";"<^S5C9C6+i";"0";"2";"5";"-3";"bh3ic7vv5t"
"-4";"-5";"1";"-4";"-1";"5";"0";"2";"0";"A?!:-PXQ""e";"1";"-1";"4";"0";"4.0P@efw#"""
"2";"0";"5";"-5";"-4";"-2";"0";"0";"0";"6}bWQihnU7";"-2";"0";"0";"-2";"nInV!7<l}V"
"-2";"3";"3";"0";"-4";"1";"-3";"1";"-4";"$L_)/H3GN1";"0";"-1";"4";"-1";"I&3,@W,G_I"
"0";"-5";"5";"0";"2";"-4";"1";"-4";"-3";"VwOl[a8Z`H";"-5";"1";"5";"5";"Ik%39_K5pq"
"5";"-4";"-1";"1";"2";"-3";"1";"5";"-4";"G6&\B(3gRw";"1";"3";"-1";"-4";"a\[0m,%8&'"
"-5";"0";"3";"-4";"-2";"-2";"0";"1";"2";"KR#63mI8sA";"2";"0";"-1";"5";"ARMG6*H'n3"
"-1";"-2";"4";"0";"-2";"-1";"4";"0";"0";"k'2)wO!V\y";"-1";"-1";"0";"4";"E3PlL)F/h$"
"4";"4";"-1";"3";"-5";"5";"0";"4";"-5";"y\eyV!A+.X";"2";"-5";"3";"0";"{x1RB,\e`T"
"2";"0";"0";"3";"0";"-2";"3";"1";"1";"G`UxarFpBY";"2";"-3";"3";"-2";"iX8jPTk:/J"
"4";"2";"0";"-2";"5";"-1";"-2";"5";"-2";"MkFM+|dEw>";"3";"4";"1";"-2";"H62_3W$/Wm"
"-5";"4";"-5";"-4";"-1";"4";"0";"-4";"0";"2hQ'k[@Gzi";"3";"0";"4";"-1";"nj!|p]S[u|"
"-3";"-3";"-5";"3";"4";"0";"5";"5";"0";"B1Yv7:DD#:";"0";"1";"4";"-3";"Orc(gg>%oY"
"-4";"0";"5";"-2";"-1";"-2";"-2";"-3";"-5";"J:zKbZl{nJ";"-2";"-4";"0";"3";"$kg<LiMjIC"
"2";"2";"1";"-1";"-4";"-3";"2";"-4";"4";"W9!yDk2Jx2";"-5";"-3";"1";"0";"]1W;H=lFlS"
"-4";"-1";"-2";"-4";"-2";"2";"-4";"0";"-5";"&d=c(DAHOc";"3";"5";"-5";"0";"dnhXgX#X1N"
"1";"0";"4";"-1";"-5";"2";"-1";"0";"5";"=*!<0o#Mc6";"5";"-1";"5";"-1";"]'!ySe\T^>"
"5";"-2";"5";"-4";"-3";"-3";"0";"-2";"1";";E]^+^[QtZ";"0";"2";"-5";"5";"jmn0:panvT"
"0";"2";"-3";"-2";"-5";"4";"-5";"5";"3";"xrDVZT+;WE";"1";"0";"-2";"0";"n47m3:N#[V"
"-3";"3";"4";"5";"2";"5";"-3";"-5";"3";"k*q.@9MP=C";"-5";"1";"-3";"1";"\nk%oJxdEh"
"0";"-4";"-5";"-5";"0";"0";"-1";"-1";"3";"j+VtU-w!(K";"-1";"0";"-1";"0";"JO_?$h&k&P"
"-4";"-5";"-2";"-5";"4";"4";"2";"-5";"0";"j}j""BMO=[L";"-5";"4";"-4";"-4";"qDTod4}6aY"
"-5";"0";"1";"4";"5";"3";"-5";"0";"-4";"z<ptT_Vg|v";"5";"0";"1";"0";"G,M1Y,`z}<"
"5";"0";"-4";"-3";"3";"0";"3";"4";"0";"_=5d}yFpMU";"0";"5";"0";"-5";"Ut5O4,Z29_"
"-3";"-2";"-2";"-4";"-3";"-2";"-2";"-3";"2";"\_=yCLnm6t";"0";"-3";"-4";"-3";"qrbZjt-ksM"
"3";"-3";"1";"-4";"-2";"-3";"3";"-1";"-5";"+HP>r>^]s5";"5";"5";"-4";"0";"%sahTk/e27"
"-5";"-5";"5";"5";"5";"-4";"-3";"4";"1";"`BRs?\F@bm";"0";"-4";"-4";"-4";"1osv'QbWR0"
"-2";"-5";"-5";"0";"3";"1";"-5";"2";"0";"u)??qS5]lK";"0";"-4";"-1";"0";"p3T7r'}U}>"
"0";"-5";"1";"2";"5";"-2";"5";"1";"-2";"9KKF+#2QMr";"0";"2";"4";"5";"W_Qao/<&Bj"
"-5";"-1";"-4";"-5";"2";"0";"0";"4";"1";"I7!(LIsX.]";"2";"4";"2";"3";",T6;-xSNEM"
"2";"1";"3";"0";"4";"0";"1";"-3";"0";"98@rY]%iQu";"-4";"5";"0";"4";"RQ^9*#?fAH"
"-5";"-4";"0";"1";"5";"1";"-1";"-2";"-4";"kEHD:}pBuz";"5";"4";"2";"4";"<Ue_i4W[Tz"
"4";"-4";"4";"0";"-2";"1";"-3";"5";"5";"edr:H""2:1(";"1";"0";"4";"5";"9{g?*_p|0("
"0";"-4";"-1";"0";"-4";"1";"-1";"1";"-4";"*lUK'z#-(o";"3";"0";"-4";"0";"l.PqpwV(U_"
"-2";"4";"3";"-4";"-2";"0";"-3";"0";"-1";"):7clh!|Xb";"4";"-2";"4";"5";"_H0J%k_9\i"
"2";"0";"3";"3";"2";"1";"2";"2";"-3";"oM(Y=@Mb(k";"5";"3";"0";"2";";5o4zYZ$lM"
"0";"0";"0";"1";"2";"-3";"0";"-1";"0";",b8E&DXP,c";"-5";"-2";"3";"-5";"l!vbTQt)kf"
"-4";"-4";"2";"-2";"-5";"2";"-5";"-5";"2";")p]C'1lC5{";"0";"5";"3";"3";"H/XZ)Dl1(>"
"-1";"-5";"4";"4";"0";"0";"-3";"-3";"4";"%)E\OO(3Xg";"0";"2";"3";"2";"lC'ue:7|N="
"-3";"3";"4";"2";"-2";"-3";"5";"2";"2";"OM*k#+5A\Q";"-4";"3";"0";"-3";"$KsQ6:x7XS"
"0";"4";"3";"1";"-4";"4";"1";"3";"1";"Thh@{a2/P{";"1";"-5";"4";"4";"""goGW+`g7{"
"4";"-5";"5";"-2";"-4";"-1";"-2";"5";"-2";"{Q/t6LJXo!";"-5";"2";"-4";"5";"s6?LgmN9\U"
"-5";"4";"-3";"0";"-4";"3";"3";"-1";"-4";"8p'*F3,Zl\";"2";"5";"5";"2";"j=}qllH;O$"
"0";"-1";"-5";"-2";"-1";"-5";"3";"3";"-4";"ifLhBw!M[$";"1";"4";"4";"2";"i&:9mbLvs<"
"0";"-5";"4";"-1";"3";"2";"-5";"-1";"-2";"w%\0aSg%oC";"0";"3";"0";"-5";"4|c1ze6I@t"
"-2";"0";"-1";"-2";"0";"5";"0";"3";"4";"*+1F4:dm74";"-4";"3";"0";"2";"tU^R+zkhwu"
"-4";"-1";"1";"-4";"-5";"-5";"4";"-5";"-2";";I@XevR|#l";"0";"1";"-2";"-5";"<c6.!kZlls"
"0";"4";"-2";"-4";"-1";"4";"2";"5";"-2";"d<[P{[lL#8";"3";"-5";"4";"4";"pvmcL(g<Xj"
"5";"3";"5";"-3";"0";"-4";"-2";"-1";"2";"igT2iL*=E@";"0";"2";"1";"2";"nSo.cL^F9B"
"-1";"-1";"3";"0";"-1";"2";"-3";"4";"-4";"zG{(_!N{!""";"-1";"0";"-2";"0";")/DNY,k]L+"
"2";"0";"-3";"-5";"0";"3";"5";"2";"4";"TRgG]0ci<@";"0";"-4";"-2";"-3";"@r""VW!8_Fj"
"4";"4";"0";"2";"5";"1";"-2";"-5";"4";"aE1I$p|X=@";"-4";"0";"1";"-3";"V^c)}uEu2$"
"0";"3";"5";"3";"-3";"0";"0";"4";"0";"G`|x{A`>He";"5";"3";"-2";"3";"Kx_#heoogY"
"5";"4";"-2";"0";"0";"-3";"-5";"1";"0";"RU?n1)!!'0";"-4";"4";"-4";"-1";"IM,'lM{0Mi"
"0";"4";"-3";"-3";"1";"-3";"-4";"2";"-5";"i3\kkl/n60";"0";"2";"-3";"0";"d$R%b@;|<z"
"4";"4";"5";"4";"-5";"-5";"1";"5";"4";"&x,<`-a{dK";"-3";"4";"0";"-3";"[p`C+ReTP1"
"-2";"3";"1";"-2";"-4";"-3";"0";"3";"-2";"""8g""{fFJ^""";"5";"1";"5";"2";"lCz=voTpr{"
"-5";"1";"3";"0";"1";"2";"-5";"-5";"-4";"<uoSV@JUKH";"-2";"-2";"-4";"-1";"$mSORz}dmB"
"-2";"1";"-3";"4";"3";"-4";"-5";"0";"3";"Qe)KH6R7aR";"5";"1";"4";"2";"D<efa/LB#y"
"5";"1";"0";"-3";"5";"1";"0";"-1";"2";"3oBv$A=&Ek";"5";"1";"5";"-4";"5>XTuZF5?H"
"0";"0";"-3";"5";"0";"0";"2";"0";"-4";"J|O5F@Fdm[";"-5";"-5";"-2";"-5";"oRDEmJW^5C"
"1";"2";"0";"-5";"-4";"-5";"3";"3";"0";"#y61hgyvQF";"5";"0";"1";"3";"eE,nCV4_VT"
"1";"-1";"-5";"-2";"5";"-3";"-3";"0";"2";"oWbH^_!N1b";"0";"-2";"0";"1";"=Yg(]Nw}-s"
"-5";"-5";"-2";"-1";"-2";"2";"1";"-3";"3";"@(wYm_AREK";"4";"2";"3";"0";"Y9""lI8V-sU"
"-1";"2";"-1";"3";"-4";"-4";"-2";"-2";"2";"YQ_CsHoiZQ";"5";"4";"1";"3";"=B&fK_s3|>"
"5";"2";"-1";"-3";"3";"-4";"1";"4";"2";"XB""PGs4IAJ";"5";"5";"3";"2";"GXx5&c9""ap"
"-3";"0";"-5";"2";"1";"5";"4";"0";"-1";"+av@1h!Fq/";"2";"1";"-3";"0";"kkW}KmAj<F"
"1";"-3";"3";"-3";"-3";"-4";"-1";"-2";"5";"I8b\x_wGz:";"2";"-2";"-3";"0";":?H\.h`p5u"
"-5";"0";"3";"-5";"-2";"0";"0";"-4";"5";"rK2Z![jNad";"0";"0";"-4";"-4";"0d\;8/,,@#"
"-3";"0";"-5";"3";"-5";"-1";"-1";"0";"0";"unQb@t3qjZ";"0";"0";"0";"-3";"t@f}1M&|Uk"
"4";"5";"0";"5";"3";"4";"3";"-3";"-4";"uiLvv8OBfV";"-3";"-1";"-2";"0";"-AfNXJAtGa"
"5";"-4";"-2";"-4";"5";"2";"1";"-2";"3";"""RoHNd<R.1";"2";"-4";"2";"2";"}-bJ1_E/4b"
"-5";"-4";"0";"-5";"-1";"-2";"5";"0";"-5";"aV@Es|/;+j";"-3";"5";"-4";"-3";"^H&D\""l(d."